族群,細產業,檔名,細產業代碼,成分股數,來源網址
水泥,水泥,水泥_水泥.csv,C011010,14,https://www.moneydj.com/z/zh/zha/zh00.djhtm?a=C011010
水泥,水泥製品,水泥_水泥製品.csv,C011011,3,https://www.moneydj.com/z/zh/zha/zh00.djhtm?a=C011011
水泥,預拌混凝土,水泥_預拌混凝土.csv,C025012,8,https://www.moneydj.com/z/zh/zha/zh00.djhtm?a=C025012
水泥,高爐水泥,水泥_高爐水泥.csv,C099192,6,https://www.moneydj.com/z/zh/zha/zh00.djhtm?a=C099192
食品加工,速食麵,食品加工_速食麵.csv,C012011,3,https://www.moneydj.com/z/zh/zha/zh00.djhtm?a=C012011
食品加工,乳製品,食品加工_乳製品.csv,C012014,5,https://www.moneydj.com/z/zh/zha/zh00.djhtm?a=C012014
食品加工,調味品,食品加工_調味品.csv,C012015,1,https://www.moneydj.com/z/zh/zha/zh00.djhtm?a=C012015
食品加工,食品加工,食品加工_食品加工.csv,C012016,30,https://www.moneydj.com/z/zh/zha/zh00.djhtm?a=C012016
食品加工,罐頭業,食品加工_罐頭業.csv,C012017,3,https://www.moneydj.com/z/zh/zha/zh00.djhtm?a=C012017
食品加工,肉品加工,食品加工_肉品加工.csv,C012024,3,https://www.moneydj.com/z/zh/zha/zh00.djhtm?a=C012024
食品加工,農產品加工,食品加工_農產品加工.csv,C012029,0,https://www.moneydj.com/z/zh/zha/zh00.djhtm?a=C012029
食品加工,麵製品相關,食品加工_麵製品相關.csv,C012030,2,https://www.moneydj.com/z/zh/zha/zh00.djhtm?a=C012030
食品加工,水產品加工,食品加工_水產品加工.csv,C012031,1,https://www.moneydj.com/z/zh/zha/zh00.djhtm?a=C012031
食品加工,糖果製品,食品加工_糖果製品.csv,C012032,0,https://www.moneydj.com/z/zh/zha/zh00.djhtm?a=C012032
食品加工,保健食品,食品加工_保健食品.csv,C012033,6,https://www.moneydj.com/z/zh/zha/zh00.djhtm?a=C012033
食品加工,可可製品,食品加工_可可製品.csv,C012034,1,https://www.moneydj.com/z/zh/zha/zh00.djhtm?a=C012034
食品加工,穀類烘焙製品,食品加工_穀類烘焙製品.csv,C012035,5,https://www.moneydj.com/z/zh/zha/zh00.djhtm?a=C012035
食品加工,磨粉製品,食品加工_磨粉製品.csv,C012036,3,https://www.moneydj.com/z/zh/zha/zh00.djhtm?a=C012036
食品加工,調理食品,食品加工_調理食品.csv,C012038,2,https://www.moneydj.com/z/zh/zha/zh00.djhtm?a=C012038
食品加工,茶葉相關,食品加工_茶葉相關.csv,C012039,2,https://www.moneydj.com/z/zh/zha/zh00.djhtm?a=C012039
食品加工,寵物食品,食品加工_寵物食品.csv,C012040,2,https://www.moneydj.com/z/zh/zha/zh00.djhtm?a=C012040
食品加工,餅乾製品,食品加工_餅乾製品.csv,C012043,3,https://www.moneydj.com/z/zh/zha/zh00.djhtm?a=C012043
食品加工,食品添加劑,食品加工_食品添加劑.csv,C012044,1,https://www.moneydj.com/z/zh/zha/zh00.djhtm?a=C012044
食品加工,咖啡相關,食品加工_咖啡相關.csv,C012045,0,https://www.moneydj.com/z/zh/zha/zh00.djhtm?a=C012045
食品加工,冷凍麵團,食品加工_冷凍麵團.csv,C012046,1,https://www.moneydj.com/z/zh/zha/zh00.djhtm?a=C012046
大宗物資,製糖,大宗物資_製糖.csv,C012012,2,https://www.moneydj.com/z/zh/zha/zh00.djhtm?a=C012012
大宗物資,大宗物資,大宗物資_大宗物資.csv,C012020,11,https://www.moneydj.com/z/zh/zha/zh00.djhtm?a=C012020
大宗物資,麵粉,大宗物資_麵粉.csv,C012021,2,https://www.moneydj.com/z/zh/zha/zh00.djhtm?a=C012021
大宗物資,油脂,大宗物資_油脂.csv,C012022,6,https://www.moneydj.com/z/zh/zha/zh00.djhtm?a=C012022
大宗物資,製鹽業,大宗物資_製鹽業.csv,C017240,1,https://www.moneydj.com/z/zh/zha/zh00.djhtm?a=C017240
飲料相關,非酒精飲料,飲料相關_非酒精飲料.csv,C012013,11,https://www.moneydj.com/z/zh/zha/zh00.djhtm?a=C012013
飲料相關,釀造酒,飲料相關_釀造酒.csv,C012019,0,https://www.moneydj.com/z/zh/zha/zh00.djhtm?a=C012019
飲料相關,啤酒,飲料相關_啤酒.csv,C012026,1,https://www.moneydj.com/z/zh/zha/zh00.djhtm?a=C012026
飲料相關,葡萄酒,飲料相關_葡萄酒.csv,C012027,0,https://www.moneydj.com/z/zh/zha/zh00.djhtm?a=C012027
飲料相關,白酒,飲料相關_白酒.csv,C012028,0,https://www.moneydj.com/z/zh/zha/zh00.djhtm?a=C012028
飲料相關,飲料相關,飲料相關_飲料相關.csv,C012041,12,https://www.moneydj.com/z/zh/zha/zh00.djhtm?a=C012041
飲料相關,蒸餾酒,飲料相關_蒸餾酒.csv,C012042,0,https://www.moneydj.com/z/zh/zha/zh00.djhtm?a=C012042
塑化原料,PVC,塑化原料_PVC.csv,C013010,4,https://www.moneydj.com/z/zh/zha/zh00.djhtm?a=C013010
塑化原料,PE,塑化原料_PE.csv,C013030,3,https://www.moneydj.com/z/zh/zha/zh00.djhtm?a=C013030
塑化原料,DOP,塑化原料_DOP.csv,C013040,2,https://www.moneydj.com/z/zh/zha/zh00.djhtm?a=C013040
塑化原料,芳香烴,塑化原料_芳香烴.csv,C013050,1,https://www.moneydj.com/z/zh/zha/zh00.djhtm?a=C013050
塑化原料,SM,塑化原料_SM.csv,C013060,3,https://www.moneydj.com/z/zh/zha/zh00.djhtm?a=C013060
塑化原料,ABS,塑化原料_ABS.csv,C013070,5,https://www.moneydj.com/z/zh/zha/zh00.djhtm?a=C013070
塑化原料,PS,塑化原料_PS.csv,C013080,3,https://www.moneydj.com/z/zh/zha/zh00.djhtm?a=C013080
塑化原料,PP,塑化原料_PP.csv,C013110,2,https://www.moneydj.com/z/zh/zha/zh00.djhtm?a=C013110
塑化原料,烯烴類,塑化原料_烯烴類.csv,C013130,1,https://www.moneydj.com/z/zh/zha/zh00.djhtm?a=C013130
塑化原料,PA,塑化原料_PA.csv,C013190,2,https://www.moneydj.com/z/zh/zha/zh00.djhtm?a=C013190
塑化原料,塑化原料,塑化原料_塑化原料.csv,C013990,14,https://www.moneydj.com/z/zh/zha/zh00.djhtm?a=C013990
塑化原料,EVA,塑化原料_EVA.csv,C017083,4,https://www.moneydj.com/z/zh/zha/zh00.djhtm?a=C017083
塑化製品,塑膠皮布,塑化製品_塑膠皮布.csv,C013090,10,https://www.moneydj.com/z/zh/zha/zh00.djhtm?a=C013090
塑化製品,塑膠加工,塑化製品_塑膠加工.csv,C013180,11,https://www.moneydj.com/z/zh/zha/zh00.djhtm?a=C013180
塑化製品,瀝青,塑化製品_瀝青.csv,C013192,0,https://www.moneydj.com/z/zh/zha/zh00.djhtm?a=C013192
塑化製品,塑化製品,塑化製品_塑化製品.csv,C013991,18,https://www.moneydj.com/z/zh/zha/zh00.djhtm?a=C013991
化學纖維,化學纖維,化學纖維_化學纖維.csv,C014010,25,https://www.moneydj.com/z/zh/zha/zh00.djhtm?a=C014010
化學纖維,聚酯絲,化學纖維_聚酯絲.csv,C014011,7,https://www.moneydj.com/z/zh/zha/zh00.djhtm?a=C014011
化學纖維,聚酯加工絲,化學纖維_聚酯加工絲.csv,C014012,11,https://www.moneydj.com/z/zh/zha/zh00.djhtm?a=C014012
化學纖維,聚酯棉,化學纖維_聚酯棉.csv,C014013,3,https://www.moneydj.com/z/zh/zha/zh00.djhtm?a=C014013
化學纖維,聚酯粒,化學纖維_聚酯粒.csv,C014014,6,https://www.moneydj.com/z/zh/zha/zh00.djhtm?a=C014014
化學纖維,尼龍粒,化學纖維_尼龍粒.csv,C014031,4,https://www.moneydj.com/z/zh/zha/zh00.djhtm?a=C014031
化學纖維,尼龍加工絲,化學纖維_尼龍加工絲.csv,C014032,3,https://www.moneydj.com/z/zh/zha/zh00.djhtm?a=C014032
化學纖維,尼龍絲,化學纖維_尼龍絲.csv,C014033,5,https://www.moneydj.com/z/zh/zha/zh00.djhtm?a=C014033
化學纖維,亞克力棉,化學纖維_亞克力棉.csv,C014050,1,https://www.moneydj.com/z/zh/zha/zh00.djhtm?a=C014050
化學纖維,粘膠,化學纖維_粘膠.csv,C014064,1,https://www.moneydj.com/z/zh/zha/zh00.djhtm?a=C014064
化學纖維,氨綸,化學纖維_氨綸.csv,C014065,0,https://www.moneydj.com/z/zh/zha/zh00.djhtm?a=C014065
化學纖維,芳綸,化學纖維_芳綸.csv,C014066,0,https://www.moneydj.com/z/zh/zha/zh00.djhtm?a=C014066
化學纖維,聚丙烯纖維,化學纖維_聚丙烯纖維.csv,C014067,0,https://www.moneydj.com/z/zh/zha/zh00.djhtm?a=C014067
化學纖維,再生纖維,化學纖維_再生纖維.csv,C014068,0,https://www.moneydj.com/z/zh/zha/zh00.djhtm?a=C014068
化學纖維,半合成纖維,化學纖維_半合成纖維.csv,C014069,1,https://www.moneydj.com/z/zh/zha/zh00.djhtm?a=C014069
化學纖維,加工絲,化學纖維_加工絲.csv,C014150,2,https://www.moneydj.com/z/zh/zha/zh00.djhtm?a=C014150
化纖原料,AN,化纖原料_AN.csv,C013120,2,https://www.moneydj.com/z/zh/zha/zh00.djhtm?a=C013120
化纖原料,寶特瓶,化纖原料_寶特瓶.csv,C014016,2,https://www.moneydj.com/z/zh/zha/zh00.djhtm?a=C014016
化纖原料,化纖原料,化纖原料_化纖原料.csv,C014060,11,https://www.moneydj.com/z/zh/zha/zh00.djhtm?a=C014060
化纖原料,EG,化纖原料_EG.csv,C014061,3,https://www.moneydj.com/z/zh/zha/zh00.djhtm?a=C014061
化纖原料,PTA,化纖原料_PTA.csv,C014062,2,https://www.moneydj.com/z/zh/zha/zh00.djhtm?a=C014062
化纖原料,CPL,化纖原料_CPL.csv,C014063,1,https://www.moneydj.com/z/zh/zha/zh00.djhtm?a=C014063
成衣,成衣,成衣_成衣.csv,C014180,22,https://www.moneydj.com/z/zh/zha/zh00.djhtm?a=C014180
成衣,成衣製造,成衣_成衣製造.csv,C014181,15,https://www.moneydj.com/z/zh/zha/zh00.djhtm?a=C014181
成衣,成衣銷售／零售,成衣_成衣銷售／零售.csv,C014182,9,https://www.moneydj.com/z/zh/zha/zh00.djhtm?a=C014182
成衣,內衣褲、襪,成衣_內衣褲、襪.csv,C014183,0,https://www.moneydj.com/z/zh/zha/zh00.djhtm?a=C014183
織布業,染整,織布業_染整.csv,C014190,2,https://www.moneydj.com/z/zh/zha/zh00.djhtm?a=C014190
織布業,織布業,織布業_織布業.csv,C014200,29,https://www.moneydj.com/z/zh/zha/zh00.djhtm?a=C014200
工業紡織品,尼龍製品,工業紡織品_尼龍製品.csv,C014030,1,https://www.moneydj.com/z/zh/zha/zh00.djhtm?a=C014030
工業紡織品,不織布,工業紡織品_不織布.csv,C014201,5,https://www.moneydj.com/z/zh/zha/zh00.djhtm?a=C014201
工業紡織品,魚網,工業紡織品_魚網.csv,C014203,1,https://www.moneydj.com/z/zh/zha/zh00.djhtm?a=C014203
工業紡織品,尼龍塔夫塔布,工業紡織品_尼龍塔夫塔布.csv,C014206,1,https://www.moneydj.com/z/zh/zha/zh00.djhtm?a=C014206
工業紡織品,黏扣帶,工業紡織品_黏扣帶.csv,C014207,2,https://www.moneydj.com/z/zh/zha/zh00.djhtm?a=C014207
工業紡織品,工業紡織品,工業紡織品_工業紡織品.csv,C014210,10,https://www.moneydj.com/z/zh/zha/zh00.djhtm?a=C014210
紡紗,亞克力紗,紡紗_亞克力紗.csv,C014051,0,https://www.moneydj.com/z/zh/zha/zh00.djhtm?a=C014051
紡紗,毛紡,紡紗_毛紡.csv,C014170,2,https://www.moneydj.com/z/zh/zha/zh00.djhtm?a=C014170
紡紗,麻紡,紡紗_麻紡.csv,C014171,0,https://www.moneydj.com/z/zh/zha/zh00.djhtm?a=C014171
紡紗,混紡紗,紡紗_混紡紗.csv,C014173,1,https://www.moneydj.com/z/zh/zha/zh00.djhtm?a=C014173
紡紗,棉紡業,紡紗_棉紡業.csv,C014202,4,https://www.moneydj.com/z/zh/zha/zh00.djhtm?a=C014202
紡紗,聚酯紗,紡紗_聚酯紗.csv,C014204,2,https://www.moneydj.com/z/zh/zha/zh00.djhtm?a=C014204
紡紗,純棉紗,紡紗_純棉紗.csv,C014205,0,https://www.moneydj.com/z/zh/zha/zh00.djhtm?a=C014205
紡紗,羽絨加工,紡紗_羽絨加工.csv,C014208,2,https://www.moneydj.com/z/zh/zha/zh00.djhtm?a=C014208
紡紗,紡紗,紡紗_紡紗.csv,C014300,11,https://www.moneydj.com/z/zh/zha/zh00.djhtm?a=C014300
紡織中游,羊毛,紡織中游_羊毛.csv,C014140,0,https://www.moneydj.com/z/zh/zha/zh00.djhtm?a=C014140
紡織中游,絲織品,紡織中游_絲織品.csv,C014172,0,https://www.moneydj.com/z/zh/zha/zh00.djhtm?a=C014172
紡織中游,紡織中游,紡織中游_紡織中游.csv,C014990,1,https://www.moneydj.com/z/zh/zha/zh00.djhtm?a=C014990
工具機,工具機,工具機_工具機.csv,C015080,15,https://www.moneydj.com/z/zh/zha/zh00.djhtm?a=C015080
工具機,龍門機,工具機_龍門機.csv,C015081,6,https://www.moneydj.com/z/zh/zha/zh00.djhtm?a=C015081
工具機,車床,工具機_車床.csv,C015082,6,https://www.moneydj.com/z/zh/zha/zh00.djhtm?a=C015082
工具機,銑床,工具機_銑床.csv,C015083,2,https://www.moneydj.com/z/zh/zha/zh00.djhtm?a=C015083
工具機,磨床,工具機_磨床.csv,C015084,3,https://www.moneydj.com/z/zh/zha/zh00.djhtm?a=C015084
工具機,沖床,工具機_沖床.csv,C015085,1,https://www.moneydj.com/z/zh/zha/zh00.djhtm?a=C015085
工具機,工具機控制器,工具機_工具機控制器.csv,C015086,1,https://www.moneydj.com/z/zh/zha/zh00.djhtm?a=C015086
工具機,工具機主軸,工具機_工具機主軸.csv,C015087,4,https://www.moneydj.com/z/zh/zha/zh00.djhtm?a=C015087
機械零組件,機械零組件,機械零組件_機械零組件.csv,C015140,29,https://www.moneydj.com/z/zh/zha/zh00.djhtm?a=C015140
機械零組件,飛機零件／製造,機械零組件_飛機零件／製造.csv,C015151,6,https://www.moneydj.com/z/zh/zha/zh00.djhtm?a=C015151
機械零組件,模具,機械零組件_模具.csv,C015154,4,https://www.moneydj.com/z/zh/zha/zh00.djhtm?a=C015154
機械零組件,工業閥門,機械零組件_工業閥門.csv,C015208,2,https://www.moneydj.com/z/zh/zha/zh00.djhtm?a=C015208
機械零組件,軸承,機械零組件_軸承.csv,C015211,2,https://www.moneydj.com/z/zh/zha/zh00.djhtm?a=C015211
機械零組件,滑軌,機械零組件_滑軌.csv,C015212,3,https://www.moneydj.com/z/zh/zha/zh00.djhtm?a=C015212
機械零組件,氣動元件,機械零組件_氣動元件.csv,C015213,3,https://www.moneydj.com/z/zh/zha/zh00.djhtm?a=C015213
機械零組件,液壓元件,機械零組件_液壓元件.csv,C015214,1,https://www.moneydj.com/z/zh/zha/zh00.djhtm?a=C015214
機械零組件,減速機,機械零組件_減速機.csv,C015215,2,https://www.moneydj.com/z/zh/zha/zh00.djhtm?a=C015215
造船業,造船業,造船業_造船業.csv,C015150,3,https://www.moneydj.com/z/zh/zha/zh00.djhtm?a=C015150
造船業,遊艇製造,造船業_遊艇製造.csv,C015157,1,https://www.moneydj.com/z/zh/zha/zh00.djhtm?a=C015157
機器人,機器人,機器人_機器人.csv,C015180,7,https://www.moneydj.com/z/zh/zha/zh00.djhtm?a=C015180
機器人,人形機器人,機器人_人形機器人.csv,C015181,0,https://www.moneydj.com/z/zh/zha/zh00.djhtm?a=C015181
機器人,協作機器人,機器人_協作機器人.csv,C015182,2,https://www.moneydj.com/z/zh/zha/zh00.djhtm?a=C015182
機器人,機器手臂,機器人_機器手臂.csv,C015183,2,https://www.moneydj.com/z/zh/zha/zh00.djhtm?a=C015183
產業機械,壓縮機,產業機械_壓縮機.csv,C015090,2,https://www.moneydj.com/z/zh/zha/zh00.djhtm?a=C015090
產業機械,木工機械,產業機械_木工機械.csv,C015100,4,https://www.moneydj.com/z/zh/zha/zh00.djhtm?a=C015100
產業機械,紡織機械,產業機械_紡織機械.csv,C015101,0,https://www.moneydj.com/z/zh/zha/zh00.djhtm?a=C015101
產業機械,手工具,產業機械_手工具.csv,C015104,4,https://www.moneydj.com/z/zh/zha/zh00.djhtm?a=C015104
產業機械,幫浦,產業機械_幫浦.csv,C015107,4,https://www.moneydj.com/z/zh/zha/zh00.djhtm?a=C015107
產業機械,空調製冷,產業機械_空調製冷.csv,C015108,2,https://www.moneydj.com/z/zh/zha/zh00.djhtm?a=C015108
產業機械,其他產業機械,產業機械_其他產業機械.csv,C015110,2,https://www.moneydj.com/z/zh/zha/zh00.djhtm?a=C015110
產業機械,塑膠機械,產業機械_塑膠機械.csv,C015111,1,https://www.moneydj.com/z/zh/zha/zh00.djhtm?a=C015111
產業機械,橡膠機械,產業機械_橡膠機械.csv,C015112,0,https://www.moneydj.com/z/zh/zha/zh00.djhtm?a=C015112
產業機械,烘焙及食品飲料機械,產業機械_烘焙及食品飲料機械.csv,C015113,2,https://www.moneydj.com/z/zh/zha/zh00.djhtm?a=C015113
產業機械,通用機械,產業機械_通用機械.csv,C015115,1,https://www.moneydj.com/z/zh/zha/zh00.djhtm?a=C015115
產業機械,動力機械,產業機械_動力機械.csv,C015116,0,https://www.moneydj.com/z/zh/zha/zh00.djhtm?a=C015116
產業機械,電動工具,產業機械_電動工具.csv,C015117,3,https://www.moneydj.com/z/zh/zha/zh00.djhtm?a=C015117
產業機械,工程機械,產業機械_工程機械.csv,C015120,0,https://www.moneydj.com/z/zh/zha/zh00.djhtm?a=C015120
產業機械,農用機械,產業機械_農用機械.csv,C015130,0,https://www.moneydj.com/z/zh/zha/zh00.djhtm?a=C015130
產業機械,磨料磨具,產業機械_磨料磨具.csv,C015141,1,https://www.moneydj.com/z/zh/zha/zh00.djhtm?a=C015141
產業機械,工業馬達,產業機械_工業馬達.csv,C015152,2,https://www.moneydj.com/z/zh/zha/zh00.djhtm?a=C015152
產業機械,家用縫紉機,產業機械_家用縫紉機.csv,C015153,1,https://www.moneydj.com/z/zh/zha/zh00.djhtm?a=C015153
產業機械,軌道運輸設備,產業機械_軌道運輸設備.csv,C015155,0,https://www.moneydj.com/z/zh/zha/zh00.djhtm?a=C015155
產業機械,工業用縫紉機,產業機械_工業用縫紉機.csv,C015156,2,https://www.moneydj.com/z/zh/zha/zh00.djhtm?a=C015156
產業機械,自動化設備,產業機械_自動化設備.csv,C015160,9,https://www.moneydj.com/z/zh/zha/zh00.djhtm?a=C015160
產業機械,柴油機,產業機械_柴油機.csv,C015170,0,https://www.moneydj.com/z/zh/zha/zh00.djhtm?a=C015170
產業機械,自行車零件,產業機械_自行車零件.csv,C015201,9,https://www.moneydj.com/z/zh/zha/zh00.djhtm?a=C015201
產業機械,儀表,產業機械_儀表.csv,C015202,3,https://www.moneydj.com/z/zh/zha/zh00.djhtm?a=C015202
產業機械,污染控制設備,產業機械_污染控制設備.csv,C015204,1,https://www.moneydj.com/z/zh/zha/zh00.djhtm?a=C015204
產業機械,裝載機,產業機械_裝載機.csv,C015205,0,https://www.moneydj.com/z/zh/zha/zh00.djhtm?a=C015205
產業機械,醫療保健設備／裝置,產業機械_醫療保健設備／裝置.csv,C015206,1,https://www.moneydj.com/z/zh/zha/zh00.djhtm?a=C015206
產業機械,海洋工程設備,產業機械_海洋工程設備.csv,C015207,2,https://www.moneydj.com/z/zh/zha/zh00.djhtm?a=C015207
產業機械,焊接設備,產業機械_焊接設備.csv,C015209,0,https://www.moneydj.com/z/zh/zha/zh00.djhtm?a=C015209
產業機械,叉車／輸送設備,產業機械_叉車／輸送設備.csv,C015210,1,https://www.moneydj.com/z/zh/zha/zh00.djhtm?a=C015210
產業機械,產業機械,產業機械_產業機械.csv,C015770,53,https://www.moneydj.com/z/zh/zha/zh00.djhtm?a=C015770
產業機械,貨櫃製造,產業機械_貨櫃製造.csv,C026070,0,https://www.moneydj.com/z/zh/zha/zh00.djhtm?a=C026070
電力設備,電機,電力設備_電機.csv,C015020,10,https://www.moneydj.com/z/zh/zha/zh00.djhtm?a=C015020
電力設備,重電設備,電力設備_重電設備.csv,C015021,6,https://www.moneydj.com/z/zh/zha/zh00.djhtm?a=C015021
電力設備,電氣零件與設備,電力設備_電氣零件與設備.csv,C015022,5,https://www.moneydj.com/z/zh/zha/zh00.djhtm?a=C015022
電力設備,鍋爐,電力設備_鍋爐.csv,C015023,0,https://www.moneydj.com/z/zh/zha/zh00.djhtm?a=C015023
電力設備,變電設備,電力設備_變電設備.csv,C015024,5,https://www.moneydj.com/z/zh/zha/zh00.djhtm?a=C015024
電力設備,輸配電設備,電力設備_輸配電設備.csv,C015025,1,https://www.moneydj.com/z/zh/zha/zh00.djhtm?a=C015025
電力設備,電氣開關設備,電力設備_電氣開關設備.csv,C015026,5,https://www.moneydj.com/z/zh/zha/zh00.djhtm?a=C015026
電力設備,智慧電網相關,電力設備_智慧電網相關.csv,C015027,5,https://www.moneydj.com/z/zh/zha/zh00.djhtm?a=C015027
電力設備,車用充電相關,電力設備_車用充電相關.csv,C015028,5,https://www.moneydj.com/z/zh/zha/zh00.djhtm?a=C015028
電力設備,配電工程,電力設備_配電工程.csv,C015102,13,https://www.moneydj.com/z/zh/zha/zh00.djhtm?a=C015102
電力設備,配電盤,電力設備_配電盤.csv,C015106,5,https://www.moneydj.com/z/zh/zha/zh00.djhtm?a=C015106
電力設備,變頻器,電力設備_變頻器.csv,C015109,4,https://www.moneydj.com/z/zh/zha/zh00.djhtm?a=C015109
電力設備,充電樁,電力設備_充電樁.csv,C015184,3,https://www.moneydj.com/z/zh/zha/zh00.djhtm?a=C015184
電力設備,電力設備,電力設備_電力設備.csv,C015990,30,https://www.moneydj.com/z/zh/zha/zh00.djhtm?a=C015990
家電,小家電,家電_小家電.csv,C015010,11,https://www.moneydj.com/z/zh/zha/zh00.djhtm?a=C015010
家電,電冰箱,家電_電冰箱.csv,C015012,3,https://www.moneydj.com/z/zh/zha/zh00.djhtm?a=C015012
家電,洗衣機,家電_洗衣機.csv,C015013,2,https://www.moneydj.com/z/zh/zha/zh00.djhtm?a=C015013
家電,冷氣機,家電_冷氣機.csv,C015014,5,https://www.moneydj.com/z/zh/zha/zh00.djhtm?a=C015014
家電,音響／視聽組合,家電_音響／視聽組合.csv,C015015,0,https://www.moneydj.com/z/zh/zha/zh00.djhtm?a=C015015
家電,電器銷售,家電_電器銷售.csv,C015016,6,https://www.moneydj.com/z/zh/zha/zh00.djhtm?a=C015016
家電,照明,家電_照明.csv,C015060,3,https://www.moneydj.com/z/zh/zha/zh00.djhtm?a=C015060
家電,家電零組件,家電_家電零組件.csv,C015061,2,https://www.moneydj.com/z/zh/zha/zh00.djhtm?a=C015061
家電,家電,家電_家電.csv,C015880,29,https://www.moneydj.com/z/zh/zha/zh00.djhtm?a=C015880
家電,液晶電視,家電_液晶電視.csv,C023234,8,https://www.moneydj.com/z/zh/zha/zh00.djhtm?a=C023234
電線電纜,電線電纜,電線電纜_電線電纜.csv,C016010,16,https://www.moneydj.com/z/zh/zha/zh00.djhtm?a=C016010
電線電纜,通訊電纜,電線電纜_通訊電纜.csv,C016011,0,https://www.moneydj.com/z/zh/zha/zh00.djhtm?a=C016011
電線電纜,電子線,電線電纜_電子線.csv,C016012,1,https://www.moneydj.com/z/zh/zha/zh00.djhtm?a=C016012
電線電纜,漆包線,電線電纜_漆包線.csv,C016013,3,https://www.moneydj.com/z/zh/zha/zh00.djhtm?a=C016013
電線電纜,裸銅線,電線電纜_裸銅線.csv,C016014,3,https://www.moneydj.com/z/zh/zha/zh00.djhtm?a=C016014
電線電纜,電纜連接件及配件,電線電纜_電纜連接件及配件.csv,C016016,1,https://www.moneydj.com/z/zh/zha/zh00.djhtm?a=C016016
電線電纜,電力電纜,電線電纜_電力電纜.csv,C016017,10,https://www.moneydj.com/z/zh/zha/zh00.djhtm?a=C016017
電池材料相關,電池材料相關,電池材料相關_電池材料相關.csv,C017490,3,https://www.moneydj.com/z/zh/zha/zh00.djhtm?a=C017490
電池材料相關,正極材料,電池材料相關_正極材料.csv,C017495,3,https://www.moneydj.com/z/zh/zha/zh00.djhtm?a=C017495
電池材料相關,負極材料,電池材料相關_負極材料.csv,C017496,0,https://www.moneydj.com/z/zh/zha/zh00.djhtm?a=C017496
電池材料相關,電解液,電池材料相關_電解液.csv,C017497,0,https://www.moneydj.com/z/zh/zha/zh00.djhtm?a=C017497
電池材料相關,電池隔離膜,電池材料相關_電池隔離膜.csv,C017498,0,https://www.moneydj.com/z/zh/zha/zh00.djhtm?a=C017498
化學工業,溶劑,化學工業_溶劑.csv,C013150,1,https://www.moneydj.com/z/zh/zha/zh00.djhtm?a=C013150
化學工業,烷基苯,化學工業_烷基苯.csv,C013160,2,https://www.moneydj.com/z/zh/zha/zh00.djhtm?a=C013160
化學工業,正烷屬烴,化學工業_正烷屬烴.csv,C013170,1,https://www.moneydj.com/z/zh/zha/zh00.djhtm?a=C013170
化學工業,石蠟,化學工業_石蠟.csv,C013171,1,https://www.moneydj.com/z/zh/zha/zh00.djhtm?a=C013171
化學工業,工業氣體,化學工業_工業氣體.csv,C013173,2,https://www.moneydj.com/z/zh/zha/zh00.djhtm?a=C013173
化學工業,衛生清潔用品,化學工業_衛生清潔用品.csv,C017030,6,https://www.moneydj.com/z/zh/zha/zh00.djhtm?a=C017030
化學工業,染料，顏料,化學工業_染料，顏料.csv,C017040,6,https://www.moneydj.com/z/zh/zha/zh00.djhtm?a=C017040
化學工業,農藥,化學工業_農藥.csv,C017050,2,https://www.moneydj.com/z/zh/zha/zh00.djhtm?a=C017050
化學工業,草甘膦,化學工業_草甘膦.csv,C017051,0,https://www.moneydj.com/z/zh/zha/zh00.djhtm?a=C017051
化學工業,肥料,化學工業_肥料.csv,C017055,4,https://www.moneydj.com/z/zh/zha/zh00.djhtm?a=C017055
化學工業,膠帶,化學工業_膠帶.csv,C017060,5,https://www.moneydj.com/z/zh/zha/zh00.djhtm?a=C017060
化學工業,合成樹脂,化學工業_合成樹脂.csv,C017080,11,https://www.moneydj.com/z/zh/zha/zh00.djhtm?a=C017080
化學工業,PU樹脂,化學工業_PU樹脂.csv,C017081,7,https://www.moneydj.com/z/zh/zha/zh00.djhtm?a=C017081
化學工業,鹼業,化學工業_鹼業.csv,C017120,2,https://www.moneydj.com/z/zh/zha/zh00.djhtm?a=C017120
化學工業,保險粉,化學工業_保險粉.csv,C017130,1,https://www.moneydj.com/z/zh/zha/zh00.djhtm?a=C017130
化學工業,硝化棉,化學工業_硝化棉.csv,C017140,0,https://www.moneydj.com/z/zh/zha/zh00.djhtm?a=C017140
化學工業,熱熔膠,化學工業_熱熔膠.csv,C017160,4,https://www.moneydj.com/z/zh/zha/zh00.djhtm?a=C017160
化學工業,碳酸鋇,化學工業_碳酸鋇.csv,C017170,0,https://www.moneydj.com/z/zh/zha/zh00.djhtm?a=C017170
化學工業,石墨,化學工業_石墨.csv,C017180,0,https://www.moneydj.com/z/zh/zha/zh00.djhtm?a=C017180
化學工業,磷化工,化學工業_磷化工.csv,C017190,0,https://www.moneydj.com/z/zh/zha/zh00.djhtm?a=C017190
化學工業,炸藥,化學工業_炸藥.csv,C017200,0,https://www.moneydj.com/z/zh/zha/zh00.djhtm?a=C017200
化學工業,尿素,化學工業_尿素.csv,C017210,0,https://www.moneydj.com/z/zh/zha/zh00.djhtm?a=C017210
化學工業,硝酸銀,化學工業_硝酸銀.csv,C017220,0,https://www.moneydj.com/z/zh/zha/zh00.djhtm?a=C017220
化學工業,拋光蠟,化學工業_拋光蠟.csv,C017230,0,https://www.moneydj.com/z/zh/zha/zh00.djhtm?a=C017230
化學工業,鈦白粉,化學工業_鈦白粉.csv,C017250,0,https://www.moneydj.com/z/zh/zha/zh00.djhtm?a=C017250
化學工業,氟化物,化學工業_氟化物.csv,C017260,0,https://www.moneydj.com/z/zh/zha/zh00.djhtm?a=C017260
化學工業,煤化工,化學工業_煤化工.csv,C017270,1,https://www.moneydj.com/z/zh/zha/zh00.djhtm?a=C017270
化學工業,丁二醇,化學工業_丁二醇.csv,C017280,1,https://www.moneydj.com/z/zh/zha/zh00.djhtm?a=C017280
化學工業,二甲基甲醯胺(DMF),化學工業_二甲基甲醯胺(DMF).csv,C017290,1,https://www.moneydj.com/z/zh/zha/zh00.djhtm?a=C017290
化學工業,磷酸二銨(DAP),化學工業_磷酸二銨(DAP).csv,C017300,0,https://www.moneydj.com/z/zh/zha/zh00.djhtm?a=C017300
化學工業,磷酸一銨(MAP),化學工業_磷酸一銨(MAP).csv,C017310,0,https://www.moneydj.com/z/zh/zha/zh00.djhtm?a=C017310
化學工業,MDI,化學工業_MDI.csv,C017320,0,https://www.moneydj.com/z/zh/zha/zh00.djhtm?a=C017320
化學工業,TDI,化學工業_TDI.csv,C017330,0,https://www.moneydj.com/z/zh/zha/zh00.djhtm?a=C017330
化學工業,有機矽,化學工業_有機矽.csv,C017340,0,https://www.moneydj.com/z/zh/zha/zh00.djhtm?a=C017340
化學工業,雙酚A,化學工業_雙酚A.csv,C017350,0,https://www.moneydj.com/z/zh/zha/zh00.djhtm?a=C017350
化學工業,硫磺,化學工業_硫磺.csv,C017360,0,https://www.moneydj.com/z/zh/zha/zh00.djhtm?a=C017360
化學工業,黃磷,化學工業_黃磷.csv,C017370,0,https://www.moneydj.com/z/zh/zha/zh00.djhtm?a=C017370
化學工業,環氧丙烷,化學工業_環氧丙烷.csv,C017380,0,https://www.moneydj.com/z/zh/zha/zh00.djhtm?a=C017380
化學工業,醋酸,化學工業_醋酸.csv,C017390,0,https://www.moneydj.com/z/zh/zha/zh00.djhtm?a=C017390
化學工業,酚,化學工業_酚.csv,C017391,2,https://www.moneydj.com/z/zh/zha/zh00.djhtm?a=C017391
化學工業,氣凝膠,化學工業_氣凝膠.csv,C017491,0,https://www.moneydj.com/z/zh/zha/zh00.djhtm?a=C017491
化學工業,石油支撐劑,化學工業_石油支撐劑.csv,C017492,0,https://www.moneydj.com/z/zh/zha/zh00.djhtm?a=C017492
化學工業,化學產品通路,化學工業_化學產品通路.csv,C017493,5,https://www.moneydj.com/z/zh/zha/zh00.djhtm?a=C017493
化學工業,強酸產品,化學工業_強酸產品.csv,C017494,2,https://www.moneydj.com/z/zh/zha/zh00.djhtm?a=C017494
化學工業,草酸,化學工業_草酸.csv,C017499,0,https://www.moneydj.com/z/zh/zha/zh00.djhtm?a=C017499
化學工業,化學工業,化學工業_化學工業.csv,C017880,65,https://www.moneydj.com/z/zh/zha/zh00.djhtm?a=C017880
化學工業,其他化工產品,化學工業_其他化工產品.csv,C017990,25,https://www.moneydj.com/z/zh/zha/zh00.djhtm?a=C017990
化學工業,塗料,化學工業_塗料.csv,C018011,3,https://www.moneydj.com/z/zh/zha/zh00.djhtm?a=C018011
橡膠工業,輪胎,橡膠工業_輪胎.csv,C021010,5,https://www.moneydj.com/z/zh/zha/zh00.djhtm?a=C021010
橡膠工業,橡膠製品,橡膠工業_橡膠製品.csv,C021050,6,https://www.moneydj.com/z/zh/zha/zh00.djhtm?a=C021050
橡膠工業,碳煙,橡膠工業_碳煙.csv,C021060,1,https://www.moneydj.com/z/zh/zha/zh00.djhtm?a=C021060
橡膠工業,合成橡膠,橡膠工業_合成橡膠.csv,C021070,3,https://www.moneydj.com/z/zh/zha/zh00.djhtm?a=C021070
橡膠工業,油封,橡膠工業_油封.csv,C021080,1,https://www.moneydj.com/z/zh/zha/zh00.djhtm?a=C021080
橡膠工業,天然橡膠,橡膠工業_天然橡膠.csv,C021090,0,https://www.moneydj.com/z/zh/zha/zh00.djhtm?a=C021090
橡膠工業,熱可塑橡膠,橡膠工業_熱可塑橡膠.csv,C021100,1,https://www.moneydj.com/z/zh/zha/zh00.djhtm?a=C021100
橡膠工業,乳膠相關,橡膠工業_乳膠相關.csv,C021110,2,https://www.moneydj.com/z/zh/zha/zh00.djhtm?a=C021110
橡膠工業,橡膠工業,橡膠工業_橡膠工業.csv,C021990,14,https://www.moneydj.com/z/zh/zha/zh00.djhtm?a=C021990
建材,電梯,建材_電梯.csv,C015030,1,https://www.moneydj.com/z/zh/zha/zh00.djhtm?a=C015030
建材,建材,建材_建材.csv,C018010,17,https://www.moneydj.com/z/zh/zha/zh00.djhtm?a=C018010
建材,輕鋼架,建材_輕鋼架.csv,C018012,1,https://www.moneydj.com/z/zh/zha/zh00.djhtm?a=C018012
建材,複合板,建材_複合板.csv,C018013,6,https://www.moneydj.com/z/zh/zha/zh00.djhtm?a=C018013
建材,金屬建材,建材_金屬建材.csv,C018014,3,https://www.moneydj.com/z/zh/zha/zh00.djhtm?a=C018014
建材,木地板,建材_木地板.csv,C018016,1,https://www.moneydj.com/z/zh/zha/zh00.djhtm?a=C018016
建材,鋁門窗,建材_鋁門窗.csv,C018017,0,https://www.moneydj.com/z/zh/zha/zh00.djhtm?a=C018017
建材,玻璃,建材_玻璃.csv,C018020,2,https://www.moneydj.com/z/zh/zha/zh00.djhtm?a=C018020
建材,釉料,建材_釉料.csv,C018040,1,https://www.moneydj.com/z/zh/zha/zh00.djhtm?a=C018040
建材,岩棉,建材_岩棉.csv,C018070,0,https://www.moneydj.com/z/zh/zha/zh00.djhtm?a=C018070
建材,陶瓷,建材_陶瓷.csv,C018990,0,https://www.moneydj.com/z/zh/zha/zh00.djhtm?a=C018990
建材,瓷磚,建材_瓷磚.csv,C018991,1,https://www.moneydj.com/z/zh/zha/zh00.djhtm?a=C018991
家居用品,地毯,家居用品_地毯.csv,C014209,0,https://www.moneydj.com/z/zh/zha/zh00.djhtm?a=C014209
家居用品,家居用品,家居用品_家居用品.csv,C018030,21,https://www.moneydj.com/z/zh/zha/zh00.djhtm?a=C018030
家居用品,辦公室傢俱,家居用品_辦公室傢俱.csv,C018031,1,https://www.moneydj.com/z/zh/zha/zh00.djhtm?a=C018031
家居用品,餐具,家居用品_餐具.csv,C018032,1,https://www.moneydj.com/z/zh/zha/zh00.djhtm?a=C018032
家居用品,衛浴設備,家居用品_衛浴設備.csv,C018050,3,https://www.moneydj.com/z/zh/zha/zh00.djhtm?a=C018050
家居用品,廚具,家居用品_廚具.csv,C018060,1,https://www.moneydj.com/z/zh/zha/zh00.djhtm?a=C018060
家居用品,廚衛電,家居用品_廚衛電.csv,C018061,1,https://www.moneydj.com/z/zh/zha/zh00.djhtm?a=C018061
家居用品,傢俱,家居用品_傢俱.csv,C099130,6,https://www.moneydj.com/z/zh/zha/zh00.djhtm?a=C099130
家居用品,窗簾,家居用品_窗簾.csv,C099132,2,https://www.moneydj.com/z/zh/zha/zh00.djhtm?a=C099132
家居用品,水龍頭,家居用品_水龍頭.csv,C099133,4,https://www.moneydj.com/z/zh/zha/zh00.djhtm?a=C099133
家居用品,鎖,家居用品_鎖.csv,C099180,3,https://www.moneydj.com/z/zh/zha/zh00.djhtm?a=C099180
家居用品,寢具,家居用品_寢具.csv,C099193,2,https://www.moneydj.com/z/zh/zha/zh00.djhtm?a=C099193
造紙業,紙漿,造紙業_紙漿.csv,C019010,2,https://www.moneydj.com/z/zh/zha/zh00.djhtm?a=C019010
造紙業,工業用紙,造紙業_工業用紙.csv,C019020,4,https://www.moneydj.com/z/zh/zha/zh00.djhtm?a=C019020
造紙業,文化用紙,造紙業_文化用紙.csv,C019030,3,https://www.moneydj.com/z/zh/zha/zh00.djhtm?a=C019030
造紙業,家庭用紙,造紙業_家庭用紙.csv,C019040,6,https://www.moneydj.com/z/zh/zha/zh00.djhtm?a=C019040
造紙業,包裝用紙,造紙業_包裝用紙.csv,C019050,0,https://www.moneydj.com/z/zh/zha/zh00.djhtm?a=C019050
造紙業,特殊用紙,造紙業_特殊用紙.csv,C019060,1,https://www.moneydj.com/z/zh/zha/zh00.djhtm?a=C019060
造紙業,造紙業,造紙業_造紙業.csv,C019990,9,https://www.moneydj.com/z/zh/zha/zh00.djhtm?a=C019990
線材盤元,螺絲螺帽,線材盤元_螺絲螺帽.csv,C020021,15,https://www.moneydj.com/z/zh/zha/zh00.djhtm?a=C020021
線材盤元,線材盤元,線材盤元_線材盤元.csv,C020030,24,https://www.moneydj.com/z/zh/zha/zh00.djhtm?a=C020030
條鋼,鋼筋,條鋼_鋼筋.csv,C020040,5,https://www.moneydj.com/z/zh/zha/zh00.djhtm?a=C020040
條鋼,條鋼,條鋼_條鋼.csv,C020050,16,https://www.moneydj.com/z/zh/zha/zh00.djhtm?a=C020050
條鋼,型鋼,條鋼_型鋼.csv,C020060,2,https://www.moneydj.com/z/zh/zha/zh00.djhtm?a=C020060
條鋼,鋼構,條鋼_鋼構.csv,C020070,6,https://www.moneydj.com/z/zh/zha/zh00.djhtm?a=C020070
條鋼,鋼管,條鋼_鋼管.csv,C020080,2,https://www.moneydj.com/z/zh/zha/zh00.djhtm?a=C020080
條鋼,棒鋼,條鋼_棒鋼.csv,C020150,5,https://www.moneydj.com/z/zh/zha/zh00.djhtm?a=C020150
不鏽鋼,不鏽鋼,不鏽鋼_不鏽鋼.csv,C020110,19,https://www.moneydj.com/z/zh/zha/zh00.djhtm?a=C020110
不鏽鋼,冷軋不鏽鋼,不鏽鋼_冷軋不鏽鋼.csv,C020114,2,https://www.moneydj.com/z/zh/zha/zh00.djhtm?a=C020114
不鏽鋼,熱軋不鏽鋼,不鏽鋼_熱軋不鏽鋼.csv,C020115,1,https://www.moneydj.com/z/zh/zha/zh00.djhtm?a=C020115
不鏽鋼,不鏽鋼品,不鏽鋼_不鏽鋼品.csv,C020116,2,https://www.moneydj.com/z/zh/zha/zh00.djhtm?a=C020116
不鏽鋼,不鏽鋼剪裁加工,不鏽鋼_不鏽鋼剪裁加工.csv,C020117,6,https://www.moneydj.com/z/zh/zha/zh00.djhtm?a=C020117
不鏽鋼,不鏽鋼管,不鏽鋼_不鏽鋼管.csv,C020118,4,https://www.moneydj.com/z/zh/zha/zh00.djhtm?a=C020118
不鏽鋼,不鏽鋼緊固件,不鏽鋼_不鏽鋼緊固件.csv,C020119,3,https://www.moneydj.com/z/zh/zha/zh00.djhtm?a=C020119
不鏽鋼,不鏽鋼線材,不鏽鋼_不鏽鋼線材.csv,C020121,5,https://www.moneydj.com/z/zh/zha/zh00.djhtm?a=C020121
合金鋼,合金鋼,合金鋼_合金鋼.csv,C020111,3,https://www.moneydj.com/z/zh/zha/zh00.djhtm?a=C020111
合金鋼,特殊鋼,合金鋼_特殊鋼.csv,C020112,2,https://www.moneydj.com/z/zh/zha/zh00.djhtm?a=C020112
合金鋼,工具鋼,合金鋼_工具鋼.csv,C020113,1,https://www.moneydj.com/z/zh/zha/zh00.djhtm?a=C020113
非鐵金屬,非鐵金屬,非鐵金屬_非鐵金屬.csv,C020130,6,https://www.moneydj.com/z/zh/zha/zh00.djhtm?a=C020130
非鐵金屬,銅,非鐵金屬_銅.csv,C020131,3,https://www.moneydj.com/z/zh/zha/zh00.djhtm?a=C020131
非鐵金屬,鋁,非鐵金屬_鋁.csv,C020132,2,https://www.moneydj.com/z/zh/zha/zh00.djhtm?a=C020132
非鐵金屬,鎳,非鐵金屬_鎳.csv,C020133,0,https://www.moneydj.com/z/zh/zha/zh00.djhtm?a=C020133
非鐵金屬,鉭,非鐵金屬_鉭.csv,C020135,0,https://www.moneydj.com/z/zh/zha/zh00.djhtm?a=C020135
非鐵金屬,鎢,非鐵金屬_鎢.csv,C020137,0,https://www.moneydj.com/z/zh/zha/zh00.djhtm?a=C020137
非鐵金屬,鋅,非鐵金屬_鋅.csv,C020138,0,https://www.moneydj.com/z/zh/zha/zh00.djhtm?a=C020138
非鐵金屬,鈦,非鐵金屬_鈦.csv,C020139,0,https://www.moneydj.com/z/zh/zha/zh00.djhtm?a=C020139
非鐵金屬,鋯,非鐵金屬_鋯.csv,C020140,0,https://www.moneydj.com/z/zh/zha/zh00.djhtm?a=C020140
非鐵金屬,錫,非鐵金屬_錫.csv,C020141,0,https://www.moneydj.com/z/zh/zha/zh00.djhtm?a=C020141
非鐵金屬,鍶,非鐵金屬_鍶.csv,C020142,0,https://www.moneydj.com/z/zh/zha/zh00.djhtm?a=C020142
非鐵金屬,鋁擠型,非鐵金屬_鋁擠型.csv,C020143,1,https://www.moneydj.com/z/zh/zha/zh00.djhtm?a=C020143
非鐵金屬,鈾,非鐵金屬_鈾.csv,C020145,0,https://www.moneydj.com/z/zh/zha/zh00.djhtm?a=C020145
非鐵金屬,鉬,非鐵金屬_鉬.csv,C020147,0,https://www.moneydj.com/z/zh/zha/zh00.djhtm?a=C020147
非鐵金屬,鎂合金,非鐵金屬_鎂合金.csv,C020148,0,https://www.moneydj.com/z/zh/zha/zh00.djhtm?a=C020148
非鐵金屬,稀土,非鐵金屬_稀土.csv,C020149,0,https://www.moneydj.com/z/zh/zha/zh00.djhtm?a=C020149
非鐵金屬,釩,非鐵金屬_釩.csv,C020191,0,https://www.moneydj.com/z/zh/zha/zh00.djhtm?a=C020191
非鐵金屬,鈷,非鐵金屬_鈷.csv,C020192,0,https://www.moneydj.com/z/zh/zha/zh00.djhtm?a=C020192
非鐵金屬,鉛,非鐵金屬_鉛.csv,C099080,1,https://www.moneydj.com/z/zh/zha/zh00.djhtm?a=C099080
貴金屬,黃金,貴金屬_黃金.csv,C020134,0,https://www.moneydj.com/z/zh/zha/zh00.djhtm?a=C020134
貴金屬,鉑,貴金屬_鉑.csv,C020136,0,https://www.moneydj.com/z/zh/zha/zh00.djhtm?a=C020136
貴金屬,銀,貴金屬_銀.csv,C020144,0,https://www.moneydj.com/z/zh/zha/zh00.djhtm?a=C020144
貴金屬,鈀,貴金屬_鈀.csv,C020146,0,https://www.moneydj.com/z/zh/zha/zh00.djhtm?a=C020146
貴金屬,貴金屬,貴金屬_貴金屬.csv,C020170,1,https://www.moneydj.com/z/zh/zha/zh00.djhtm?a=C020170
板鋼,鋼胚,板鋼_鋼胚.csv,C020011,2,https://www.moneydj.com/z/zh/zha/zh00.djhtm?a=C020011
板鋼,鐵礦砂,板鋼_鐵礦砂.csv,C020012,0,https://www.moneydj.com/z/zh/zha/zh00.djhtm?a=C020012
板鋼,熱軋鋼捲,板鋼_熱軋鋼捲.csv,C020020,2,https://www.moneydj.com/z/zh/zha/zh00.djhtm?a=C020020
板鋼,冷軋鋼捲,板鋼_冷軋鋼捲.csv,C020090,3,https://www.moneydj.com/z/zh/zha/zh00.djhtm?a=C020090
板鋼,鍍鋅鋼捲,板鋼_鍍鋅鋼捲.csv,C020100,3,https://www.moneydj.com/z/zh/zha/zh00.djhtm?a=C020100
板鋼,烤漆鋼捲,板鋼_烤漆鋼捲.csv,C020120,2,https://www.moneydj.com/z/zh/zha/zh00.djhtm?a=C020120
板鋼,鋼剪裁加工,板鋼_鋼剪裁加工.csv,C020160,3,https://www.moneydj.com/z/zh/zha/zh00.djhtm?a=C020160
板鋼,鋼板,板鋼_鋼板.csv,C020180,1,https://www.moneydj.com/z/zh/zha/zh00.djhtm?a=C020180
板鋼,塗鍍鋼捲,板鋼_塗鍍鋼捲.csv,C020190,1,https://www.moneydj.com/z/zh/zha/zh00.djhtm?a=C020190
板鋼,板鋼,板鋼_板鋼.csv,C020990,9,https://www.moneydj.com/z/zh/zha/zh00.djhtm?a=C020990
金屬礦採選,金屬礦採選,金屬礦採選_金屬礦採選.csv,C099352,0,https://www.moneydj.com/z/zh/zha/zh00.djhtm?a=C099352
汽車服務相關,汽車銷售,汽車服務相關_汽車銷售.csv,C022010,8,https://www.moneydj.com/z/zh/zha/zh00.djhtm?a=C022010
汽車服務相關,汽車融資,汽車服務相關_汽車融資.csv,C022012,4,https://www.moneydj.com/z/zh/zha/zh00.djhtm?a=C022012
汽車服務相關,汽車服務相關,汽車服務相關_汽車服務相關.csv,C022031,14,https://www.moneydj.com/z/zh/zha/zh00.djhtm?a=C022031
汽機車零組件,車燈,汽機車零組件_車燈.csv,C015105,7,https://www.moneydj.com/z/zh/zha/zh00.djhtm?a=C015105
汽機車零組件,汽車保險桿,汽機車零組件_汽車保險桿.csv,C022011,2,https://www.moneydj.com/z/zh/zha/zh00.djhtm?a=C022011
汽機車零組件,汽機車零組件,汽機車零組件_汽機車零組件.csv,C022040,60,https://www.moneydj.com/z/zh/zha/zh00.djhtm?a=C022040
汽機車零組件,木床／車架,汽機車零組件_木床／車架.csv,C022045,4,https://www.moneydj.com/z/zh/zha/zh00.djhtm?a=C022045
汽機車零組件,汽車鈑金,汽機車零組件_汽車鈑金.csv,C022046,4,https://www.moneydj.com/z/zh/zha/zh00.djhtm?a=C022046
汽機車零組件,引擎相關,汽機車零組件_引擎相關.csv,C022048,5,https://www.moneydj.com/z/zh/zha/zh00.djhtm?a=C022048
汽機車零組件,傳動系統,汽機車零組件_傳動系統.csv,C022051,5,https://www.moneydj.com/z/zh/zha/zh00.djhtm?a=C022051
汽機車零組件,輪圈,汽機車零組件_輪圈.csv,C022053,3,https://www.moneydj.com/z/zh/zha/zh00.djhtm?a=C022053
汽機車零組件,活塞,汽機車零組件_活塞.csv,C022054,2,https://www.moneydj.com/z/zh/zha/zh00.djhtm?a=C022054
汽機車零組件,轉向系統,汽機車零組件_轉向系統.csv,C022062,1,https://www.moneydj.com/z/zh/zha/zh00.djhtm?a=C022062
汽機車零組件,剎車系統,汽機車零組件_剎車系統.csv,C022063,3,https://www.moneydj.com/z/zh/zha/zh00.djhtm?a=C022063
汽機車零組件,懸吊系統,汽機車零組件_懸吊系統.csv,C022064,3,https://www.moneydj.com/z/zh/zha/zh00.djhtm?a=C022064
汽機車零組件,車用冷卻系統,汽機車零組件_車用冷卻系統.csv,C022065,6,https://www.moneydj.com/z/zh/zha/zh00.djhtm?a=C022065
汽機車零組件,車用防盜系統,汽機車零組件_車用防盜系統.csv,C022083,0,https://www.moneydj.com/z/zh/zha/zh00.djhtm?a=C022083
汽機車零組件,車用軸承,汽機車零組件_車用軸承.csv,C022084,0,https://www.moneydj.com/z/zh/zha/zh00.djhtm?a=C022084
汽機車零組件,機車零組件,汽機車零組件_機車零組件.csv,C022085,6,https://www.moneydj.com/z/zh/zha/zh00.djhtm?a=C022085
汽機車零組件,車用排氣系統,汽機車零組件_車用排氣系統.csv,C022086,1,https://www.moneydj.com/z/zh/zha/zh00.djhtm?a=C022086
汽機車零組件,車用馬達,汽機車零組件_車用馬達.csv,C022087,0,https://www.moneydj.com/z/zh/zha/zh00.djhtm?a=C022087
汽機車零組件,汽車端子,汽機車零組件_汽車端子.csv,C022913,2,https://www.moneydj.com/z/zh/zha/zh00.djhtm?a=C022913
汽車內裝,汽車空調,汽車內裝_汽車空調.csv,C022043,3,https://www.moneydj.com/z/zh/zha/zh00.djhtm?a=C022043
汽車內裝,儀表板,汽車內裝_儀表板.csv,C022047,0,https://www.moneydj.com/z/zh/zha/zh00.djhtm?a=C022047
汽車內裝,車用玻璃,汽車內裝_車用玻璃.csv,C022049,1,https://www.moneydj.com/z/zh/zha/zh00.djhtm?a=C022049
汽車內裝,汽車音響,汽車內裝_汽車音響.csv,C022050,0,https://www.moneydj.com/z/zh/zha/zh00.djhtm?a=C022050
汽車內裝,汽車內裝,汽車內裝_汽車內裝.csv,C022055,11,https://www.moneydj.com/z/zh/zha/zh00.djhtm?a=C022055
汽車內裝,安全氣囊,汽車內裝_安全氣囊.csv,C022056,3,https://www.moneydj.com/z/zh/zha/zh00.djhtm?a=C022056
汽車內裝,汽車座椅,汽車內裝_汽車座椅.csv,C022061,1,https://www.moneydj.com/z/zh/zha/zh00.djhtm?a=C022061
車用金屬成型,車用鑄件,車用金屬成型_車用鑄件.csv,C022041,2,https://www.moneydj.com/z/zh/zha/zh00.djhtm?a=C022041
車用金屬成型,車用鍛件,車用金屬成型_車用鍛件.csv,C022042,2,https://www.moneydj.com/z/zh/zha/zh00.djhtm?a=C022042
車用金屬成型,車用金屬成型,車用金屬成型_車用金屬成型.csv,C022070,10,https://www.moneydj.com/z/zh/zha/zh00.djhtm?a=C022070
車用金屬成型,車用沖壓件,車用金屬成型_車用沖壓件.csv,C022081,6,https://www.moneydj.com/z/zh/zha/zh00.djhtm?a=C022081
車用金屬成型,車用粉末冶金件,車用金屬成型_車用粉末冶金件.csv,C022082,0,https://www.moneydj.com/z/zh/zha/zh00.djhtm?a=C022082
車輛整車,汽車製造,車輛整車_汽車製造.csv,C022005,5,https://www.moneydj.com/z/zh/zha/zh00.djhtm?a=C022005
車輛整車,電動車,車輛整車_電動車.csv,C022006,3,https://www.moneydj.com/z/zh/zha/zh00.djhtm?a=C022006
車輛整車,電動機車,車輛整車_電動機車.csv,C022007,4,https://www.moneydj.com/z/zh/zha/zh00.djhtm?a=C022007
車輛整車,機車,車輛整車_機車.csv,C022020,4,https://www.moneydj.com/z/zh/zha/zh00.djhtm?a=C022020
車輛整車,沙灘車,車輛整車_沙灘車.csv,C022030,2,https://www.moneydj.com/z/zh/zha/zh00.djhtm?a=C022030
車輛整車,自動駕駛車,車輛整車_自動駕駛車.csv,C022032,0,https://www.moneydj.com/z/zh/zha/zh00.djhtm?a=C022032
車輛整車,車輛整車,車輛整車_車輛整車.csv,C022910,18,https://www.moneydj.com/z/zh/zha/zh00.djhtm?a=C022910
車輛整車,特種車輛相關,車輛整車_特種車輛相關.csv,C022911,1,https://www.moneydj.com/z/zh/zha/zh00.djhtm?a=C022911
車輛整車,客貨車輛相關,車輛整車_客貨車輛相關.csv,C022912,2,https://www.moneydj.com/z/zh/zha/zh00.djhtm?a=C022912
車輛整車,自行車,車輛整車_自行車.csv,C099050,6,https://www.moneydj.com/z/zh/zha/zh00.djhtm?a=C099050
車用電子,車用電子,車用電子_車用電子.csv,C022052,35,https://www.moneydj.com/z/zh/zha/zh00.djhtm?a=C022052
車用電子,胎壓監測系統,車用電子_胎壓監測系統.csv,C022057,5,https://www.moneydj.com/z/zh/zha/zh00.djhtm?a=C022057
車用電子,倒車雷達,車用電子_倒車雷達.csv,C022058,3,https://www.moneydj.com/z/zh/zha/zh00.djhtm?a=C022058
車用電子,車載影音系統,車用電子_車載影音系統.csv,C022059,2,https://www.moneydj.com/z/zh/zha/zh00.djhtm?a=C022059
車用電子,行車紀錄器,車用電子_行車紀錄器.csv,C022067,6,https://www.moneydj.com/z/zh/zha/zh00.djhtm?a=C022067
車用電子,倒車影像系統,車用電子_倒車影像系統.csv,C022068,3,https://www.moneydj.com/z/zh/zha/zh00.djhtm?a=C022068
車用電子,抬頭顯示器(HUD),車用電子_抬頭顯示器(HUD).csv,C022069,1,https://www.moneydj.com/z/zh/zha/zh00.djhtm?a=C022069
車用電子,LIDAR,車用電子_LIDAR.csv,C022088,0,https://www.moneydj.com/z/zh/zha/zh00.djhtm?a=C022088
面板業,面板業,面板業_面板業.csv,C023015,28,https://www.moneydj.com/z/zh/zha/zh00.djhtm?a=C023015
面板業,中小尺吋面板,面板業_中小尺吋面板.csv,C023020,5,https://www.moneydj.com/z/zh/zha/zh00.djhtm?a=C023020
面板業,TFT-LCD,面板業_TFT-LCD.csv,C023025,3,https://www.moneydj.com/z/zh/zha/zh00.djhtm?a=C023025
面板業,TN／STN LCD,面板業_TN／STN LCD.csv,C023026,1,https://www.moneydj.com/z/zh/zha/zh00.djhtm?a=C023026
面板業,LCM,面板業_LCM.csv,C023031,13,https://www.moneydj.com/z/zh/zha/zh00.djhtm?a=C023031
面板業,電子紙,面板業_電子紙.csv,C023036,2,https://www.moneydj.com/z/zh/zha/zh00.djhtm?a=C023036
面板業,OLED,面板業_OLED.csv,C023037,4,https://www.moneydj.com/z/zh/zha/zh00.djhtm?a=C023037
面板業,觸控面板,面板業_觸控面板.csv,C023158,12,https://www.moneydj.com/z/zh/zha/zh00.djhtm?a=C023158
面板零組件,面板零組件,面板零組件_面板零組件.csv,C023016,23,https://www.moneydj.com/z/zh/zha/zh00.djhtm?a=C023016
面板零組件,背光模組,面板零組件_背光模組.csv,C023027,7,https://www.moneydj.com/z/zh/zha/zh00.djhtm?a=C023027
面板零組件,偏光板,面板零組件_偏光板.csv,C023029,3,https://www.moneydj.com/z/zh/zha/zh00.djhtm?a=C023029
面板零組件,液晶,面板零組件_液晶.csv,C023032,0,https://www.moneydj.com/z/zh/zha/zh00.djhtm?a=C023032
面板零組件,導電玻璃,面板零組件_導電玻璃.csv,C023033,2,https://www.moneydj.com/z/zh/zha/zh00.djhtm?a=C023033
面板零組件,玻璃基板,面板零組件_玻璃基板.csv,C023034,0,https://www.moneydj.com/z/zh/zha/zh00.djhtm?a=C023034
面板零組件,光學膜,面板零組件_光學膜.csv,C023035,6,https://www.moneydj.com/z/zh/zha/zh00.djhtm?a=C023035
面板零組件,玻璃基板加工,面板零組件_玻璃基板加工.csv,C023038,4,https://www.moneydj.com/z/zh/zha/zh00.djhtm?a=C023038
面板零組件,彩色濾光片,面板零組件_彩色濾光片.csv,C023380,0,https://www.moneydj.com/z/zh/zha/zh00.djhtm?a=C023380
LED,LED,LED_LED.csv,C023040,39,https://www.moneydj.com/z/zh/zha/zh00.djhtm?a=C023040
LED,LED晶粒,LED_LED晶粒.csv,C023041,6,https://www.moneydj.com/z/zh/zha/zh00.djhtm?a=C023041
LED,LED封裝,LED_LED封裝.csv,C023042,15,https://www.moneydj.com/z/zh/zha/zh00.djhtm?a=C023042
LED,LED磊晶,LED_LED磊晶.csv,C023043,4,https://www.moneydj.com/z/zh/zha/zh00.djhtm?a=C023043
LED,紅外線傳輸模組,LED_紅外線傳輸模組.csv,C023045,0,https://www.moneydj.com/z/zh/zha/zh00.djhtm?a=C023045
LED,LED照明產品,LED_LED照明產品.csv,C023046,19,https://www.moneydj.com/z/zh/zha/zh00.djhtm?a=C023046
LED,LED散熱基板,LED_LED散熱基板.csv,C023047,5,https://www.moneydj.com/z/zh/zha/zh00.djhtm?a=C023047
LED,藍寶石基板,LED_藍寶石基板.csv,C023048,0,https://www.moneydj.com/z/zh/zha/zh00.djhtm?a=C023048
LED,MICROLED,LED_MICROLED.csv,C023077,6,https://www.moneydj.com/z/zh/zha/zh00.djhtm?a=C023077
被動元件,被動元件,被動元件_被動元件.csv,C023060,43,https://www.moneydj.com/z/zh/zha/zh00.djhtm?a=C023060
被動元件,MLCC,被動元件_MLCC.csv,C023061,7,https://www.moneydj.com/z/zh/zha/zh00.djhtm?a=C023061
被動元件,晶片電阻,被動元件_晶片電阻.csv,C023062,8,https://www.moneydj.com/z/zh/zha/zh00.djhtm?a=C023062
被動元件,電容,被動元件_電容.csv,C023063,4,https://www.moneydj.com/z/zh/zha/zh00.djhtm?a=C023063
被動元件,電阻,被動元件_電阻.csv,C023064,3,https://www.moneydj.com/z/zh/zha/zh00.djhtm?a=C023064
被動元件,電感,被動元件_電感.csv,C023066,13,https://www.moneydj.com/z/zh/zha/zh00.djhtm?a=C023066
被動元件,石英元件,被動元件_石英元件.csv,C023067,6,https://www.moneydj.com/z/zh/zha/zh00.djhtm?a=C023067
被動元件,鋁質電解電容,被動元件_鋁質電解電容.csv,C023068,6,https://www.moneydj.com/z/zh/zha/zh00.djhtm?a=C023068
被動元件,被動元件上游,被動元件_被動元件上游.csv,C023069,7,https://www.moneydj.com/z/zh/zha/zh00.djhtm?a=C023069
被動元件,鉭質電解電容,被動元件_鉭質電解電容.csv,C023071,1,https://www.moneydj.com/z/zh/zha/zh00.djhtm?a=C023071
被動元件,塑膠薄膜電容,被動元件_塑膠薄膜電容.csv,C023072,1,https://www.moneydj.com/z/zh/zha/zh00.djhtm?a=C023072
被動元件,熱敏電阻,被動元件_熱敏電阻.csv,C023073,3,https://www.moneydj.com/z/zh/zha/zh00.djhtm?a=C023073
被動元件,濾波器,被動元件_濾波器.csv,C023074,3,https://www.moneydj.com/z/zh/zha/zh00.djhtm?a=C023074
被動元件,振盪器,被動元件_振盪器.csv,C023075,6,https://www.moneydj.com/z/zh/zha/zh00.djhtm?a=C023075
被動元件,壓敏電阻,被動元件_壓敏電阻.csv,C023076,2,https://www.moneydj.com/z/zh/zha/zh00.djhtm?a=C023076
電子其他,電子其他,電子其他_電子其他.csv,C023080,23,https://www.moneydj.com/z/zh/zha/zh00.djhtm?a=C023080
電子其他,廠務工程,電子其他_廠務工程.csv,C023375,12,https://www.moneydj.com/z/zh/zha/zh00.djhtm?a=C023375
電子其他,事務機器,電子其他_事務機器.csv,C023377,4,https://www.moneydj.com/z/zh/zha/zh00.djhtm?a=C023377
電子其他,辦公用品設備,電子其他_辦公用品設備.csv,C023379,2,https://www.moneydj.com/z/zh/zha/zh00.djhtm?a=C023379
電子其他,智慧卡相關,電子其他_智慧卡相關.csv,C023725,1,https://www.moneydj.com/z/zh/zha/zh00.djhtm?a=C023725
電子零件元件,UPS,電子零件元件_UPS.csv,C015040,7,https://www.moneydj.com/z/zh/zha/zh00.djhtm?a=C015040
電子零件元件,伺服器機殼,電子零件元件_伺服器機殼.csv,C023017,6,https://www.moneydj.com/z/zh/zha/zh00.djhtm?a=C023017
電子零件元件,電源供應器,電子零件元件_電源供應器.csv,C023050,27,https://www.moneydj.com/z/zh/zha/zh00.djhtm?a=C023050
電子零件元件,變壓器,電子零件元件_變壓器.csv,C023051,10,https://www.moneydj.com/z/zh/zha/zh00.djhtm?a=C023051
電子零件元件,機殼表面處理,電子零件元件_機殼表面處理.csv,C023053,4,https://www.moneydj.com/z/zh/zha/zh00.djhtm?a=C023053
電子零件元件,磁性元件,電子零件元件_磁性元件.csv,C023054,1,https://www.moneydj.com/z/zh/zha/zh00.djhtm?a=C023054
電子零件元件,無線充電,電子零件元件_無線充電.csv,C023055,4,https://www.moneydj.com/z/zh/zha/zh00.djhtm?a=C023055
電子零件元件,機殼,電子零件元件_機殼.csv,C023070,18,https://www.moneydj.com/z/zh/zha/zh00.djhtm?a=C023070
電子零件元件,連接器,電子零件元件_連接器.csv,C023120,32,https://www.moneydj.com/z/zh/zha/zh00.djhtm?a=C023120
電子零件元件,其他電子零件,電子零件元件_其他電子零件.csv,C023130,22,https://www.moneydj.com/z/zh/zha/zh00.djhtm?a=C023130
電子零件元件,模具沖壓,電子零件元件_模具沖壓.csv,C023134,19,https://www.moneydj.com/z/zh/zha/zh00.djhtm?a=C023134
電子零件元件,樞紐,電子零件元件_樞紐.csv,C023137,5,https://www.moneydj.com/z/zh/zha/zh00.djhtm?a=C023137
電子零件元件,電子零件元件,電子零件元件_電子零件元件.csv,C023139,172,https://www.moneydj.com/z/zh/zha/zh00.djhtm?a=C023139
電子零件元件,鎂鋁合金,電子零件元件_鎂鋁合金.csv,C023154,3,https://www.moneydj.com/z/zh/zha/zh00.djhtm?a=C023154
電子零件元件,DRAM模組,電子零件元件_DRAM模組.csv,C023391,9,https://www.moneydj.com/z/zh/zha/zh00.djhtm?a=C023391
電子零件元件,FLASH模組,電子零件元件_FLASH模組.csv,C023393,9,https://www.moneydj.com/z/zh/zha/zh00.djhtm?a=C023393
電子零件元件,連接線材,電子零件元件_連接線材.csv,C023530,35,https://www.moneydj.com/z/zh/zha/zh00.djhtm?a=C023530
電子零件元件,音響設備及零件,電子零件元件_音響設備及零件.csv,C023590,9,https://www.moneydj.com/z/zh/zha/zh00.djhtm?a=C023590
電子零件元件,程式開關,電子零件元件_程式開關.csv,C023610,2,https://www.moneydj.com/z/zh/zha/zh00.djhtm?a=C023610
電子零件元件,CPU SOCKET,電子零件元件_CPU SOCKET.csv,C023924,1,https://www.moneydj.com/z/zh/zha/zh00.djhtm?a=C023924
電子零件元件,塑膠射出,電子零件元件_塑膠射出.csv,C023925,9,https://www.moneydj.com/z/zh/zha/zh00.djhtm?a=C023925
電子零件元件,記憶體模組,電子零件元件_記憶體模組.csv,C023934,9,https://www.moneydj.com/z/zh/zha/zh00.djhtm?a=C023934
散熱模組,散熱風扇馬達,散熱模組_散熱風扇馬達.csv,C023135,9,https://www.moneydj.com/z/zh/zha/zh00.djhtm?a=C023135
散熱模組,散熱模組,散熱模組_散熱模組.csv,C023153,18,https://www.moneydj.com/z/zh/zha/zh00.djhtm?a=C023153
散熱模組,熱導管,散熱模組_熱導管.csv,C023155,1,https://www.moneydj.com/z/zh/zha/zh00.djhtm?a=C023155
散熱模組,其他散熱零件,散熱模組_其他散熱零件.csv,C023926,5,https://www.moneydj.com/z/zh/zha/zh00.djhtm?a=C023926
散熱模組,伺服器用散熱模組,散熱模組_伺服器用散熱模組.csv,C023927,6,https://www.moneydj.com/z/zh/zha/zh00.djhtm?a=C023927
散熱模組,筆記型電腦用散熱模組,散熱模組_筆記型電腦用散熱模組.csv,C023928,7,https://www.moneydj.com/z/zh/zha/zh00.djhtm?a=C023928
IC設計,DRAM記憶體IC,IC設計_DRAM記憶體IC.csv,C023156,3,https://www.moneydj.com/z/zh/zha/zh00.djhtm?a=C023156
IC設計,SRAM記憶體IC,IC設計_SRAM記憶體IC.csv,C023157,2,https://www.moneydj.com/z/zh/zha/zh00.djhtm?a=C023157
IC設計,FLASH記憶體IC,IC設計_FLASH記憶體IC.csv,C023159,6,https://www.moneydj.com/z/zh/zha/zh00.djhtm?a=C023159
IC設計,DSL晶片組,IC設計_DSL晶片組.csv,C023162,1,https://www.moneydj.com/z/zh/zha/zh00.djhtm?a=C023162
IC設計,網路卡IC,IC設計_網路卡IC.csv,C023164,1,https://www.moneydj.com/z/zh/zha/zh00.djhtm?a=C023164
IC設計,集線器IC,IC設計_集線器IC.csv,C023165,3,https://www.moneydj.com/z/zh/zha/zh00.djhtm?a=C023165
IC設計,無線網路IC,IC設計_無線網路IC.csv,C023166,9,https://www.moneydj.com/z/zh/zha/zh00.djhtm?a=C023166
IC設計,衛星導航晶片組,IC設計_衛星導航晶片組.csv,C023168,2,https://www.moneydj.com/z/zh/zha/zh00.djhtm?a=C023168
IC設計,智慧卡IC,IC設計_智慧卡IC.csv,C023171,0,https://www.moneydj.com/z/zh/zha/zh00.djhtm?a=C023171
IC設計,機上盒晶片,IC設計_機上盒晶片.csv,C023172,1,https://www.moneydj.com/z/zh/zha/zh00.djhtm?a=C023172
IC設計,繪圖IC,IC設計_繪圖IC.csv,C023173,1,https://www.moneydj.com/z/zh/zha/zh00.djhtm?a=C023173
IC設計,數據機晶片組,IC設計_數據機晶片組.csv,C023174,1,https://www.moneydj.com/z/zh/zha/zh00.djhtm?a=C023174
IC設計,CPU,IC設計_CPU.csv,C023176,2,https://www.moneydj.com/z/zh/zha/zh00.djhtm?a=C023176
IC設計,DSP,IC設計_DSP.csv,C023177,3,https://www.moneydj.com/z/zh/zha/zh00.djhtm?a=C023177
IC設計,馬達IC,IC設計_馬達IC.csv,C023178,6,https://www.moneydj.com/z/zh/zha/zh00.djhtm?a=C023178
IC設計,電池保護IC,IC設計_電池保護IC.csv,C023179,1,https://www.moneydj.com/z/zh/zha/zh00.djhtm?a=C023179
IC設計,類比IC,IC設計_類比IC.csv,C023183,15,https://www.moneydj.com/z/zh/zha/zh00.djhtm?a=C023183
IC設計,IO控制IC,IC設計_IO控制IC.csv,C023184,4,https://www.moneydj.com/z/zh/zha/zh00.djhtm?a=C023184
IC設計,其他IC,IC設計_其他IC.csv,C023185,6,https://www.moneydj.com/z/zh/zha/zh00.djhtm?a=C023185
IC設計,IC設計軟體,IC設計_IC設計軟體.csv,C023189,2,https://www.moneydj.com/z/zh/zha/zh00.djhtm?a=C023189
IC設計,IC設計,IC設計_IC設計.csv,C023190,100,https://www.moneydj.com/z/zh/zha/zh00.djhtm?a=C023190
IC設計,晶片組,IC設計_晶片組.csv,C023191,1,https://www.moneydj.com/z/zh/zha/zh00.djhtm?a=C023191
IC設計,網路通訊IC,IC設計_網路通訊IC.csv,C023192,9,https://www.moneydj.com/z/zh/zha/zh00.djhtm?a=C023192
IC設計,LCD驅動IC,IC設計_LCD驅動IC.csv,C023193,12,https://www.moneydj.com/z/zh/zha/zh00.djhtm?a=C023193
IC設計,消費性IC,IC設計_消費性IC.csv,C023195,18,https://www.moneydj.com/z/zh/zha/zh00.djhtm?a=C023195
IC設計,光碟機驅動IC,IC設計_光碟機驅動IC.csv,C023196,2,https://www.moneydj.com/z/zh/zha/zh00.djhtm?a=C023196
IC設計,LCD控制IC,IC設計_LCD控制IC.csv,C023197,5,https://www.moneydj.com/z/zh/zha/zh00.djhtm?a=C023197
IC設計,PC週邊IC,IC設計_PC週邊IC.csv,C023198,11,https://www.moneydj.com/z/zh/zha/zh00.djhtm?a=C023198
IC設計,MCU,IC設計_MCU.csv,C023199,18,https://www.moneydj.com/z/zh/zha/zh00.djhtm?a=C023199
IC設計,設計IP,IC設計_設計IP.csv,C023206,11,https://www.moneydj.com/z/zh/zha/zh00.djhtm?a=C023206
IC設計,影音IC,IC設計_影音IC.csv,C023207,27,https://www.moneydj.com/z/zh/zha/zh00.djhtm?a=C023207
IC設計,ASIC,IC設計_ASIC.csv,C023209,7,https://www.moneydj.com/z/zh/zha/zh00.djhtm?a=C023209
IC設計,記憶卡IC,IC設計_記憶卡IC.csv,C023221,4,https://www.moneydj.com/z/zh/zha/zh00.djhtm?a=C023221
IC設計,CMOS晶片,IC設計_CMOS晶片.csv,C023222,5,https://www.moneydj.com/z/zh/zha/zh00.djhtm?a=C023222
IC設計,嵌入式晶片,IC設計_嵌入式晶片.csv,C023223,7,https://www.moneydj.com/z/zh/zha/zh00.djhtm?a=C023223
IC設計,感測元件,IC設計_感測元件.csv,C023224,5,https://www.moneydj.com/z/zh/zha/zh00.djhtm?a=C023224
IC設計,生物辨識IC,IC設計_生物辨識IC.csv,C023225,4,https://www.moneydj.com/z/zh/zha/zh00.djhtm?a=C023225
IC設計,高速傳輸介面IC,IC設計_高速傳輸介面IC.csv,C023226,8,https://www.moneydj.com/z/zh/zha/zh00.djhtm?a=C023226
IC設計,SSD控制IC,IC設計_SSD控制IC.csv,C023227,2,https://www.moneydj.com/z/zh/zha/zh00.djhtm?a=C023227
IC設計,電力線載波晶片,IC設計_電力線載波晶片.csv,C023228,0,https://www.moneydj.com/z/zh/zha/zh00.djhtm?a=C023228
IC設計,安全監控IC,IC設計_安全監控IC.csv,C023229,6,https://www.moneydj.com/z/zh/zha/zh00.djhtm?a=C023229
IC設計,LED驅動IC,IC設計_LED驅動IC.csv,C023332,8,https://www.moneydj.com/z/zh/zha/zh00.djhtm?a=C023332
IC設計,數位電視IC,IC設計_數位電視IC.csv,C023333,4,https://www.moneydj.com/z/zh/zha/zh00.djhtm?a=C023333
IC設計,觸控IC,IC設計_觸控IC.csv,C023334,12,https://www.moneydj.com/z/zh/zha/zh00.djhtm?a=C023334
IC設計,MEMS,IC設計_MEMS.csv,C023336,6,https://www.moneydj.com/z/zh/zha/zh00.djhtm?a=C023336
IC設計,光通訊IC,IC設計_光通訊IC.csv,C023504,3,https://www.moneydj.com/z/zh/zha/zh00.djhtm?a=C023504
IC設計,BIOS,IC設計_BIOS.csv,C023703,1,https://www.moneydj.com/z/zh/zha/zh00.djhtm?a=C023703
IC設計,電源管理IC,IC設計_電源管理IC.csv,C023711,9,https://www.moneydj.com/z/zh/zha/zh00.djhtm?a=C023711
IC設計,USB IC,IC設計_USB IC.csv,C023712,7,https://www.moneydj.com/z/zh/zha/zh00.djhtm?a=C023712
IC設計,AI晶片,IC設計_AI晶片.csv,C023713,0,https://www.moneydj.com/z/zh/zha/zh00.djhtm?a=C023713
IC設計,多媒體晶片,IC設計_多媒體晶片.csv,C023714,0,https://www.moneydj.com/z/zh/zha/zh00.djhtm?a=C023714
IC設計,車用晶片,IC設計_車用晶片.csv,C023715,0,https://www.moneydj.com/z/zh/zha/zh00.djhtm?a=C023715
IC設計,RISC-V,IC設計_RISC-V.csv,C023716,0,https://www.moneydj.com/z/zh/zha/zh00.djhtm?a=C023716
IC設計,SOC,IC設計_SOC.csv,C023717,0,https://www.moneydj.com/z/zh/zha/zh00.djhtm?a=C023717
IC設計,FPGA,IC設計_FPGA.csv,C023718,0,https://www.moneydj.com/z/zh/zha/zh00.djhtm?a=C023718
IC設計,TWS晶片,IC設計_TWS晶片.csv,C023719,0,https://www.moneydj.com/z/zh/zha/zh00.djhtm?a=C023719
IC封裝測試,IC封裝,IC封裝測試_IC封裝.csv,C023200,16,https://www.moneydj.com/z/zh/zha/zh00.djhtm?a=C023200
IC封裝測試,IC測試,IC封裝測試_IC測試.csv,C023201,22,https://www.moneydj.com/z/zh/zha/zh00.djhtm?a=C023201
IC封裝測試,IC封裝測試,IC封裝測試_IC封裝測試.csv,C023203,25,https://www.moneydj.com/z/zh/zha/zh00.djhtm?a=C023203
IC封裝測試,LCD驅動IC封裝,IC封裝測試_LCD驅動IC封裝.csv,C023204,2,https://www.moneydj.com/z/zh/zha/zh00.djhtm?a=C023204
IC封裝測試,測試介面,IC封裝測試_測試介面.csv,C023262,0,https://www.moneydj.com/z/zh/zha/zh00.djhtm?a=C023262
印刷電路板相關,玻纖布,印刷電路板相關_玻纖布.csv,C023100,5,https://www.moneydj.com/z/zh/zha/zh00.djhtm?a=C023100
印刷電路板相關,雷射鑽孔機、鑽頭,印刷電路板相關_雷射鑽孔機、鑽頭.csv,C023103,7,https://www.moneydj.com/z/zh/zha/zh00.djhtm?a=C023103
印刷電路板相關,PCB材料,印刷電路板相關_PCB材料.csv,C023105,4,https://www.moneydj.com/z/zh/zha/zh00.djhtm?a=C023105
印刷電路板相關,軟板,印刷電路板相關_軟板.csv,C023152,8,https://www.moneydj.com/z/zh/zha/zh00.djhtm?a=C023152
印刷電路板相關,軟板基板,印刷電路板相關_軟板基板.csv,C023161,4,https://www.moneydj.com/z/zh/zha/zh00.djhtm?a=C023161
印刷電路板相關,印刷電路板,印刷電路板相關_印刷電路板.csv,C023210,30,https://www.moneydj.com/z/zh/zha/zh00.djhtm?a=C023210
印刷電路板相關,銅箔基板,印刷電路板相關_銅箔基板.csv,C023211,6,https://www.moneydj.com/z/zh/zha/zh00.djhtm?a=C023211
印刷電路板相關,銅箔,印刷電路板相關_銅箔.csv,C023212,3,https://www.moneydj.com/z/zh/zha/zh00.djhtm?a=C023212
印刷電路板相關,印刷電路板相關,印刷電路板相關_印刷電路板相關.csv,C023219,62,https://www.moneydj.com/z/zh/zha/zh00.djhtm?a=C023219
印刷電路板相關,軟板PI,印刷電路板相關_軟板PI.csv,C023278,1,https://www.moneydj.com/z/zh/zha/zh00.djhtm?a=C023278
印刷電路板相關,HDI板,印刷電路板相關_HDI板.csv,C023279,7,https://www.moneydj.com/z/zh/zha/zh00.djhtm?a=C023279
顯示器,顯示器,顯示器_顯示器.csv,C023230,19,https://www.moneydj.com/z/zh/zha/zh00.djhtm?a=C023230
顯示器,投影機,顯示器_投影機.csv,C023231,3,https://www.moneydj.com/z/zh/zha/zh00.djhtm?a=C023231
顯示器,投影機零件,顯示器_投影機零件.csv,C023232,0,https://www.moneydj.com/z/zh/zha/zh00.djhtm?a=C023232
顯示器,顯示器零件,顯示器_顯示器零件.csv,C023235,1,https://www.moneydj.com/z/zh/zha/zh00.djhtm?a=C023235
顯示器,3D顯示相關,顯示器_3D顯示相關.csv,C023236,0,https://www.moneydj.com/z/zh/zha/zh00.djhtm?a=C023236
顯示器,LCD顯示器,顯示器_LCD顯示器.csv,C023237,6,https://www.moneydj.com/z/zh/zha/zh00.djhtm?a=C023237
顯示器,數位看板,顯示器_數位看板.csv,C023238,3,https://www.moneydj.com/z/zh/zha/zh00.djhtm?a=C023238
光碟片,光碟片,光碟片_光碟片.csv,C023270,3,https://www.moneydj.com/z/zh/zha/zh00.djhtm?a=C023270
光碟片,碟片預錄,光碟片_碟片預錄.csv,C023271,1,https://www.moneydj.com/z/zh/zha/zh00.djhtm?a=C023271
網通設備,用戶端設備,網通設備_用戶端設備.csv,C023261,27,https://www.moneydj.com/z/zh/zha/zh00.djhtm?a=C023261
網通設備,網路電話(VOIP),網通設備_網路電話(VOIP).csv,C023273,0,https://www.moneydj.com/z/zh/zha/zh00.djhtm?a=C023273
網通設備,無線網路設備系統(WLAN),網通設備_無線網路設備系統(WLAN).csv,C023274,20,https://www.moneydj.com/z/zh/zha/zh00.djhtm?a=C023274
網通設備,多軌道衛星,網通設備_多軌道衛星.csv,C023275,1,https://www.moneydj.com/z/zh/zha/zh00.djhtm?a=C023275
網通設備,低軌道衛星,網通設備_低軌道衛星.csv,C023276,3,https://www.moneydj.com/z/zh/zha/zh00.djhtm?a=C023276
網通設備,低軌衛星地面接收器,網通設備_低軌衛星地面接收器.csv,C023277,0,https://www.moneydj.com/z/zh/zha/zh00.djhtm?a=C023277
網通設備,網通設備,網通設備_網通設備.csv,C023280,70,https://www.moneydj.com/z/zh/zha/zh00.djhtm?a=C023280
網通設備,電信設備,網通設備_電信設備.csv,C023283,2,https://www.moneydj.com/z/zh/zha/zh00.djhtm?a=C023283
網通設備,衛星通訊設備,網通設備_衛星通訊設備.csv,C023286,3,https://www.moneydj.com/z/zh/zha/zh00.djhtm?a=C023286
網通設備,資安設備,網通設備_資安設備.csv,C023287,7,https://www.moneydj.com/z/zh/zha/zh00.djhtm?a=C023287
網通設備,天線,網通設備_天線.csv,C023298,7,https://www.moneydj.com/z/zh/zha/zh00.djhtm?a=C023298
網通設備,接取設備,網通設備_接取設備.csv,C023310,11,https://www.moneydj.com/z/zh/zha/zh00.djhtm?a=C023310
網通設備,數據機,網通設備_數據機.csv,C023311,2,https://www.moneydj.com/z/zh/zha/zh00.djhtm?a=C023311
網通設備,5G通訊設備,網通設備_5G通訊設備.csv,C023312,1,https://www.moneydj.com/z/zh/zha/zh00.djhtm?a=C023312
網通設備,物聯網裝置,網通設備_物聯網裝置.csv,C023314,3,https://www.moneydj.com/z/zh/zha/zh00.djhtm?a=C023314
網通設備,區域網路,網通設備_區域網路.csv,C023315,8,https://www.moneydj.com/z/zh/zha/zh00.djhtm?a=C023315
網通設備,通訊設備零組件,網通設備_通訊設備零組件.csv,C023401,6,https://www.moneydj.com/z/zh/zha/zh00.djhtm?a=C023401
網通設備,衛星導航,網通設備_衛星導航.csv,C023402,5,https://www.moneydj.com/z/zh/zha/zh00.djhtm?a=C023402
網通設備,小型衛星地面站,網通設備_小型衛星地面站.csv,C023403,1,https://www.moneydj.com/z/zh/zha/zh00.djhtm?a=C023403
網通設備,基地台,網通設備_基地台.csv,C023404,0,https://www.moneydj.com/z/zh/zha/zh00.djhtm?a=C023404
網通設備,網路交換器,網通設備_網路交換器.csv,C023405,3,https://www.moneydj.com/z/zh/zha/zh00.djhtm?a=C023405
網通設備,低雜訊降頻器,網通設備_低雜訊降頻器.csv,C023406,3,https://www.moneydj.com/z/zh/zha/zh00.djhtm?a=C023406
網通設備,4G通訊設備,網通設備_4G通訊設備.csv,C023407,1,https://www.moneydj.com/z/zh/zha/zh00.djhtm?a=C023407
網通設備,RFID相關,網通設備_RFID相關.csv,C023408,2,https://www.moneydj.com/z/zh/zha/zh00.djhtm?a=C023408
網通設備,近場通訊(NFC),網通設備_近場通訊(NFC).csv,C023409,0,https://www.moneydj.com/z/zh/zha/zh00.djhtm?a=C023409
手機,手機,手機_手機.csv,C023288,8,https://www.moneydj.com/z/zh/zha/zh00.djhtm?a=C023288
手機,手機製造,手機_手機製造.csv,C023293,7,https://www.moneydj.com/z/zh/zha/zh00.djhtm?a=C023293
手機,智慧型手機,手機_智慧型手機.csv,C023399,3,https://www.moneydj.com/z/zh/zha/zh00.djhtm?a=C023399
通訊服務,電信／數據服務,通訊服務_電信／數據服務.csv,C023285,4,https://www.moneydj.com/z/zh/zha/zh00.djhtm?a=C023285
通訊服務,通訊服務,通訊服務_通訊服務.csv,C023290,6,https://www.moneydj.com/z/zh/zha/zh00.djhtm?a=C023290
通訊服務,行動通訊,通訊服務_行動通訊.csv,C023502,3,https://www.moneydj.com/z/zh/zha/zh00.djhtm?a=C023502
電子通路,電腦通路商,電子通路_電腦通路商.csv,C023350,10,https://www.moneydj.com/z/zh/zha/zh00.djhtm?a=C023350
電子通路,手機零售通路商,電子通路_手機零售通路商.csv,C023351,4,https://www.moneydj.com/z/zh/zha/zh00.djhtm?a=C023351
電子通路,IC零組件通路商,電子通路_IC零組件通路商.csv,C023352,27,https://www.moneydj.com/z/zh/zha/zh00.djhtm?a=C023352
電子通路,電子元件代理商,電子通路_電子元件代理商.csv,C023353,31,https://www.moneydj.com/z/zh/zha/zh00.djhtm?a=C023353
電子通路,3C通路商,電子通路_3C通路商.csv,C023357,8,https://www.moneydj.com/z/zh/zha/zh00.djhtm?a=C023357
電子通路,半導體材料通路商,電子通路_半導體材料通路商.csv,C023358,5,https://www.moneydj.com/z/zh/zha/zh00.djhtm?a=C023358
電子通路,電子通路,電子通路_電子通路.csv,C023359,70,https://www.moneydj.com/z/zh/zha/zh00.djhtm?a=C023359
軟體業,資訊安全,軟體業_資訊安全.csv,C023313,13,https://www.moneydj.com/z/zh/zha/zh00.djhtm?a=C023313
軟體業,系統整合,軟體業_系統整合.csv,C023340,51,https://www.moneydj.com/z/zh/zha/zh00.djhtm?a=C023340
軟體業,作業系統,軟體業_作業系統.csv,C023341,0,https://www.moneydj.com/z/zh/zha/zh00.djhtm?a=C023341
軟體業,電子支付,軟體業_電子支付.csv,C023342,5,https://www.moneydj.com/z/zh/zha/zh00.djhtm?a=C023342
軟體業,軟體業,軟體業_軟體業.csv,C023360,87,https://www.moneydj.com/z/zh/zha/zh00.djhtm?a=C023360
軟體業,套裝軟體,軟體業_套裝軟體.csv,C023361,3,https://www.moneydj.com/z/zh/zha/zh00.djhtm?a=C023361
軟體業,資料庫,軟體業_資料庫.csv,C023363,0,https://www.moneydj.com/z/zh/zha/zh00.djhtm?a=C023363
軟體業,企業資源規劃,軟體業_企業資源規劃.csv,C023364,8,https://www.moneydj.com/z/zh/zha/zh00.djhtm?a=C023364
軟體業,大數據,軟體業_大數據.csv,C023365,0,https://www.moneydj.com/z/zh/zha/zh00.djhtm?a=C023365
軟體業,客戶關係管理,軟體業_客戶關係管理.csv,C023366,3,https://www.moneydj.com/z/zh/zha/zh00.djhtm?a=C023366
軟體業,軟體通路／代理,軟體業_軟體通路／代理.csv,C023367,13,https://www.moneydj.com/z/zh/zha/zh00.djhtm?a=C023367
軟體業,應用軟體,軟體業_應用軟體.csv,C023368,15,https://www.moneydj.com/z/zh/zha/zh00.djhtm?a=C023368
軟體業,人工智慧,軟體業_人工智慧.csv,C023369,2,https://www.moneydj.com/z/zh/zha/zh00.djhtm?a=C023369
軟體業,虛擬實境,軟體業_虛擬實境.csv,C023371,2,https://www.moneydj.com/z/zh/zha/zh00.djhtm?a=C023371
設備儀器商,檢測驗證服務,設備儀器商_檢測驗證服務.csv,C023081,7,https://www.moneydj.com/z/zh/zha/zh00.djhtm?a=C023081
設備儀器商,PCB相關設備,設備儀器商_PCB相關設備.csv,C023104,17,https://www.moneydj.com/z/zh/zha/zh00.djhtm?a=C023104
設備儀器商,半導體製程設備,設備儀器商_半導體製程設備.csv,C023326,45,https://www.moneydj.com/z/zh/zha/zh00.djhtm?a=C023326
設備儀器商,IC檢測設備,設備儀器商_IC檢測設備.csv,C023328,9,https://www.moneydj.com/z/zh/zha/zh00.djhtm?a=C023328
設備儀器商,設備儀器商,設備儀器商_設備儀器商.csv,C023370,98,https://www.moneydj.com/z/zh/zha/zh00.djhtm?a=C023370
設備儀器商,LED設備,設備儀器商_LED設備.csv,C023372,4,https://www.moneydj.com/z/zh/zha/zh00.djhtm?a=C023372
設備儀器商,面板設備,設備儀器商_面板設備.csv,C023373,12,https://www.moneydj.com/z/zh/zha/zh00.djhtm?a=C023373
設備儀器商,觸控面板設備,設備儀器商_觸控面板設備.csv,C023374,0,https://www.moneydj.com/z/zh/zha/zh00.djhtm?a=C023374
設備儀器商,太陽能設備,設備儀器商_太陽能設備.csv,C023376,0,https://www.moneydj.com/z/zh/zha/zh00.djhtm?a=C023376
設備儀器商,量測儀器,設備儀器商_量測儀器.csv,C023378,7,https://www.moneydj.com/z/zh/zha/zh00.djhtm?a=C023378
設備儀器商,封測用設備,設備儀器商_封測用設備.csv,C023852,16,https://www.moneydj.com/z/zh/zha/zh00.djhtm?a=C023852
IC製造,非揮發性記憶體,IC製造_非揮發性記憶體.csv,C023160,5,https://www.moneydj.com/z/zh/zha/zh00.djhtm?a=C023160
IC製造,DRAM,IC製造_DRAM.csv,C023170,4,https://www.moneydj.com/z/zh/zha/zh00.djhtm?a=C023170
IC製造,IC生產,IC製造_IC生產.csv,C023180,1,https://www.moneydj.com/z/zh/zha/zh00.djhtm?a=C023180
IC製造,晶圓代工,IC製造_晶圓代工.csv,C023181,7,https://www.moneydj.com/z/zh/zha/zh00.djhtm?a=C023181
IC製造,砷化鎵相關,IC製造_砷化鎵相關.csv,C023187,7,https://www.moneydj.com/z/zh/zha/zh00.djhtm?a=C023187
IC製造,其他半導體耗材,IC製造_其他半導體耗材.csv,C023263,2,https://www.moneydj.com/z/zh/zha/zh00.djhtm?a=C023263
IC製造,第三類半導體,IC製造_第三類半導體.csv,C023265,8,https://www.moneydj.com/z/zh/zha/zh00.djhtm?a=C023265
IC製造,光通訊元件磊晶,IC製造_光通訊元件磊晶.csv,C023319,4,https://www.moneydj.com/z/zh/zha/zh00.djhtm?a=C023319
IC製造,光罩,IC製造_光罩.csv,C023320,1,https://www.moneydj.com/z/zh/zha/zh00.djhtm?a=C023320
IC製造,磊晶,IC製造_磊晶.csv,C023321,2,https://www.moneydj.com/z/zh/zha/zh00.djhtm?a=C023321
IC製造,矽晶圓,IC製造_矽晶圓.csv,C023322,10,https://www.moneydj.com/z/zh/zha/zh00.djhtm?a=C023322
IC製造,化合物晶圓,IC製造_化合物晶圓.csv,C023323,3,https://www.moneydj.com/z/zh/zha/zh00.djhtm?a=C023323
IC製造,氧化物晶圓,IC製造_氧化物晶圓.csv,C023324,0,https://www.moneydj.com/z/zh/zha/zh00.djhtm?a=C023324
IC製造,藍寶石晶棒,IC製造_藍寶石晶棒.csv,C023329,0,https://www.moneydj.com/z/zh/zha/zh00.djhtm?a=C023329
IC製造,IC製造,IC製造_IC製造.csv,C023390,35,https://www.moneydj.com/z/zh/zha/zh00.djhtm?a=C023390
分離式元件,分離式元件,分離式元件_分離式元件.csv,C023394,22,https://www.moneydj.com/z/zh/zha/zh00.djhtm?a=C023394
分離式元件,二極體,分離式元件_二極體.csv,C023395,11,https://www.moneydj.com/z/zh/zha/zh00.djhtm?a=C023395
分離式元件,電晶體,分離式元件_電晶體.csv,C023396,18,https://www.moneydj.com/z/zh/zha/zh00.djhtm?a=C023396
INTERNET應用與服務,INTERNET應用與服務,INTERNET應用與服務_INTERNET應用與服務.csv,C023400,18,https://www.moneydj.com/z/zh/zha/zh00.djhtm?a=C023400
INTERNET應用與服務,搜尋引擎,INTERNET應用與服務_搜尋引擎.csv,C023411,0,https://www.moneydj.com/z/zh/zha/zh00.djhtm?a=C023411
INTERNET應用與服務,入口網站,INTERNET應用與服務_入口網站.csv,C023412,0,https://www.moneydj.com/z/zh/zha/zh00.djhtm?a=C023412
INTERNET應用與服務,電商平台,INTERNET應用與服務_電商平台.csv,C023413,14,https://www.moneydj.com/z/zh/zha/zh00.djhtm?a=C023413
INTERNET應用與服務,社群網站與媒體,INTERNET應用與服務_社群網站與媒體.csv,C023416,1,https://www.moneydj.com/z/zh/zha/zh00.djhtm?a=C023416
INTERNET應用與服務,串流媒體,INTERNET應用與服務_串流媒體.csv,C023417,1,https://www.moneydj.com/z/zh/zha/zh00.djhtm?a=C023417
INTERNET應用與服務,人力資源網站,INTERNET應用與服務_人力資源網站.csv,C023426,1,https://www.moneydj.com/z/zh/zha/zh00.djhtm?a=C023426
INTERNET應用與服務,直播平台,INTERNET應用與服務_直播平台.csv,C023427,1,https://www.moneydj.com/z/zh/zha/zh00.djhtm?a=C023427
INTERNET應用與服務,電子商務,INTERNET應用與服務_電子商務.csv,C023448,0,https://www.moneydj.com/z/zh/zha/zh00.djhtm?a=C023448
INTERNET應用與服務,叫車平台,INTERNET應用與服務_叫車平台.csv,C023449,0,https://www.moneydj.com/z/zh/zha/zh00.djhtm?a=C023449
INTERNET技術與基礎設施,雲端科技,INTERNET技術與基礎設施_雲端科技.csv,C023415,18,https://www.moneydj.com/z/zh/zha/zh00.djhtm?a=C023415
INTERNET技術與基礎設施,INTERNET技術與基礎設施,INTERNET技術與基礎設施_INTERNET技術與基礎設施.csv,C023418,22,https://www.moneydj.com/z/zh/zha/zh00.djhtm?a=C023418
INTERNET技術與基礎設施,電商服務,INTERNET技術與基礎設施_電商服務.csv,C023419,4,https://www.moneydj.com/z/zh/zha/zh00.djhtm?a=C023419
INTERNET技術與基礎設施,雲端服務代理商,INTERNET技術與基礎設施_雲端服務代理商.csv,C023428,0,https://www.moneydj.com/z/zh/zha/zh00.djhtm?a=C023428
數位相機,影像感測元件,數位相機_影像感測元件.csv,C023030,6,https://www.moneydj.com/z/zh/zha/zh00.djhtm?a=C023030
數位相機,數位相機,數位相機_數位相機.csv,C023420,8,https://www.moneydj.com/z/zh/zha/zh00.djhtm?a=C023420
數位相機,數位相機組裝,數位相機_數位相機組裝.csv,C023421,4,https://www.moneydj.com/z/zh/zha/zh00.djhtm?a=C023421
電池,工業用電池,電池_工業用電池.csv,C015103,12,https://www.moneydj.com/z/zh/zha/zh00.djhtm?a=C015103
電池,車用鋰電池,電池_車用鋰電池.csv,C022080,8,https://www.moneydj.com/z/zh/zha/zh00.djhtm?a=C022080
電池,消費用電池,電池_消費用電池.csv,C023132,9,https://www.moneydj.com/z/zh/zha/zh00.djhtm?a=C023132
電池,電池,電池_電池.csv,C023440,21,https://www.moneydj.com/z/zh/zha/zh00.djhtm?a=C023440
電池,儲能設備,電池_儲能設備.csv,C023441,3,https://www.moneydj.com/z/zh/zha/zh00.djhtm?a=C023441
電池,電池芯,電池_電池芯.csv,C023442,0,https://www.moneydj.com/z/zh/zha/zh00.djhtm?a=C023442
電池,鉛酸蓄電池,電池_鉛酸蓄電池.csv,C023443,1,https://www.moneydj.com/z/zh/zha/zh00.djhtm?a=C023443
電池,鋰電池,電池_鋰電池.csv,C023444,1,https://www.moneydj.com/z/zh/zha/zh00.djhtm?a=C023444
電池,固態電池,電池_固態電池.csv,C023445,0,https://www.moneydj.com/z/zh/zha/zh00.djhtm?a=C023445
電池,氫燃料電池,電池_氫燃料電池.csv,C023446,0,https://www.moneydj.com/z/zh/zha/zh00.djhtm?a=C023446
電池,BBU,電池_BBU.csv,C023447,1,https://www.moneydj.com/z/zh/zha/zh00.djhtm?a=C023447
消費性電子產品,電話／傳真機,消費性電子產品_電話／傳真機.csv,C023090,1,https://www.moneydj.com/z/zh/zha/zh00.djhtm?a=C023090
消費性電子產品,視訊轉換相關,消費性電子產品_視訊轉換相關.csv,C023451,15,https://www.moneydj.com/z/zh/zha/zh00.djhtm?a=C023451
消費性電子產品,平板電腦,消費性電子產品_平板電腦.csv,C023457,7,https://www.moneydj.com/z/zh/zha/zh00.djhtm?a=C023457
消費性電子產品,語音助理,消費性電子產品_語音助理.csv,C023458,1,https://www.moneydj.com/z/zh/zha/zh00.djhtm?a=C023458
消費性電子產品,消費性電子產品,消費性電子產品_消費性電子產品.csv,C023460,29,https://www.moneydj.com/z/zh/zha/zh00.djhtm?a=C023460
消費性電子產品,微投影機,消費性電子產品_微投影機.csv,C023461,1,https://www.moneydj.com/z/zh/zha/zh00.djhtm?a=C023461
消費性電子產品,視訊會議產品,消費性電子產品_視訊會議產品.csv,C023722,2,https://www.moneydj.com/z/zh/zha/zh00.djhtm?a=C023722
消費性電子產品,電子書閱讀器,消費性電子產品_電子書閱讀器.csv,C023723,3,https://www.moneydj.com/z/zh/zha/zh00.djhtm?a=C023723
消費性電子產品,攝影設備,消費性電子產品_攝影設備.csv,C023726,1,https://www.moneydj.com/z/zh/zha/zh00.djhtm?a=C023726
光學元件,光學鏡片／頭,光學元件_光學鏡片／頭.csv,C023422,17,https://www.moneydj.com/z/zh/zha/zh00.djhtm?a=C023422
光學元件,塑膠鏡頭,光學元件_塑膠鏡頭.csv,C023462,0,https://www.moneydj.com/z/zh/zha/zh00.djhtm?a=C023462
光學元件,車用鏡頭,光學元件_車用鏡頭.csv,C023463,0,https://www.moneydj.com/z/zh/zha/zh00.djhtm?a=C023463
光學元件,光學元件,光學元件_光學元件.csv,C023470,17,https://www.moneydj.com/z/zh/zha/zh00.djhtm?a=C023470
半導體化學品,研磨液／墊,半導體化學品_研磨液／墊.csv,C023325,1,https://www.moneydj.com/z/zh/zha/zh00.djhtm?a=C023325
半導體化學品,光阻劑,半導體化學品_光阻劑.csv,C023327,3,https://www.moneydj.com/z/zh/zha/zh00.djhtm?a=C023327
半導體化學品,半導體化學品,半導體化學品_半導體化學品.csv,C023480,10,https://www.moneydj.com/z/zh/zha/zh00.djhtm?a=C023480
週邊產品,掃瞄器,週邊產品_掃瞄器.csv,C023220,6,https://www.moneydj.com/z/zh/zha/zh00.djhtm?a=C023220
週邊產品,滑鼠,週邊產品_滑鼠.csv,C023240,3,https://www.moneydj.com/z/zh/zha/zh00.djhtm?a=C023240
週邊產品,鍵盤,週邊產品_鍵盤.csv,C023250,9,https://www.moneydj.com/z/zh/zha/zh00.djhtm?a=C023250
週邊產品,光碟機／燒錄機,週邊產品_光碟機／燒錄機.csv,C023260,1,https://www.moneydj.com/z/zh/zha/zh00.djhtm?a=C023260
週邊產品,週邊產品,週邊產品_週邊產品.csv,C023490,51,https://www.moneydj.com/z/zh/zha/zh00.djhtm?a=C023490
週邊產品,印表機,週邊產品_印表機.csv,C023492,7,https://www.moneydj.com/z/zh/zha/zh00.djhtm?a=C023492
週邊產品,記憶卡,週邊產品_記憶卡.csv,C023493,3,https://www.moneydj.com/z/zh/zha/zh00.djhtm?a=C023493
週邊產品,儲存設備,週邊產品_儲存設備.csv,C023495,3,https://www.moneydj.com/z/zh/zha/zh00.djhtm?a=C023495
週邊產品,3D印表機,週邊產品_3D印表機.csv,C023496,3,https://www.moneydj.com/z/zh/zha/zh00.djhtm?a=C023496
週邊產品,印表機耗材,週邊產品_印表機耗材.csv,C023497,3,https://www.moneydj.com/z/zh/zha/zh00.djhtm?a=C023497
週邊產品,IC讀卡機,週邊產品_IC讀卡機.csv,C023580,1,https://www.moneydj.com/z/zh/zha/zh00.djhtm?a=C023580
週邊產品,磁碟陣列控制器,週邊產品_磁碟陣列控制器.csv,C023630,3,https://www.moneydj.com/z/zh/zha/zh00.djhtm?a=C023630
週邊產品,手寫板,週邊產品_手寫板.csv,C023660,1,https://www.moneydj.com/z/zh/zha/zh00.djhtm?a=C023660
週邊產品,硬碟相關,週邊產品_硬碟相關.csv,C023680,7,https://www.moneydj.com/z/zh/zha/zh00.djhtm?a=C023680
週邊產品,矽碟機,週邊產品_矽碟機.csv,C023690,0,https://www.moneydj.com/z/zh/zha/zh00.djhtm?a=C023690
週邊產品,電競週邊,週邊產品_電競週邊.csv,C023932,12,https://www.moneydj.com/z/zh/zha/zh00.djhtm?a=C023932
光通訊,光纖光纜,光通訊_光纖光纜.csv,C016015,2,https://www.moneydj.com/z/zh/zha/zh00.djhtm?a=C016015
光通訊,光通訊,光通訊_光通訊.csv,C023500,25,https://www.moneydj.com/z/zh/zha/zh00.djhtm?a=C023500
光通訊,光纖預製棒,光通訊_光纖預製棒.csv,C023505,0,https://www.moneydj.com/z/zh/zha/zh00.djhtm?a=C023505
光通訊,光纖主動元件,光通訊_光纖主動元件.csv,C023996,8,https://www.moneydj.com/z/zh/zha/zh00.djhtm?a=C023996
光通訊,光纖被動元件,光通訊_光纖被動元件.csv,C023997,9,https://www.moneydj.com/z/zh/zha/zh00.djhtm?a=C023997
光通訊,光纖設備,光通訊_光纖設備.csv,C023998,8,https://www.moneydj.com/z/zh/zha/zh00.djhtm?a=C023998
光通訊,光纖零組件,光通訊_光纖零組件.csv,C023999,2,https://www.moneydj.com/z/zh/zha/zh00.djhtm?a=C023999
工業電腦,量子電腦,工業電腦_量子電腦.csv,C023264,0,https://www.moneydj.com/z/zh/zha/zh00.djhtm?a=C023264
工業電腦,工業電腦,工業電腦_工業電腦.csv,C023510,58,https://www.moneydj.com/z/zh/zha/zh00.djhtm?a=C023510
工業電腦,博奕機台,工業電腦_博奕機台.csv,C023511,3,https://www.moneydj.com/z/zh/zha/zh00.djhtm?a=C023511
工業電腦,KIOSK自助服務機,工業電腦_KIOSK自助服務機.csv,C023512,3,https://www.moneydj.com/z/zh/zha/zh00.djhtm?a=C023512
工業電腦,自動資料收集產品,工業電腦_自動資料收集產品.csv,C023513,2,https://www.moneydj.com/z/zh/zha/zh00.djhtm?a=C023513
工業電腦,掌上型工業電腦,工業電腦_掌上型工業電腦.csv,C023514,2,https://www.moneydj.com/z/zh/zha/zh00.djhtm?a=C023514
工業電腦,安全監控,工業電腦_安全監控.csv,C023550,17,https://www.moneydj.com/z/zh/zha/zh00.djhtm?a=C023550
工業電腦,條碼掃描器,工業電腦_條碼掃描器.csv,C023560,1,https://www.moneydj.com/z/zh/zha/zh00.djhtm?a=C023560
工業電腦,POS機系統,工業電腦_POS機系統.csv,C023721,9,https://www.moneydj.com/z/zh/zha/zh00.djhtm?a=C023721
工業電腦,自動販賣機,工業電腦_自動販賣機.csv,C099330,1,https://www.moneydj.com/z/zh/zha/zh00.djhtm?a=C099330
穿戴式裝置,穿戴式裝置,穿戴式裝置_穿戴式裝置.csv,C023727,10,https://www.moneydj.com/z/zh/zha/zh00.djhtm?a=C023727
穿戴式裝置,智慧手錶,穿戴式裝置_智慧手錶.csv,C023728,2,https://www.moneydj.com/z/zh/zha/zh00.djhtm?a=C023728
穿戴式裝置,智慧眼鏡,穿戴式裝置_智慧眼鏡.csv,C023729,0,https://www.moneydj.com/z/zh/zha/zh00.djhtm?a=C023729
穿戴式裝置,智慧手環,穿戴式裝置_智慧手環.csv,C023738,0,https://www.moneydj.com/z/zh/zha/zh00.djhtm?a=C023738
太陽能,太陽能,太陽能_太陽能.csv,C023730,26,https://www.moneydj.com/z/zh/zha/zh00.djhtm?a=C023730
太陽能,太陽能矽晶圓,太陽能_太陽能矽晶圓.csv,C023731,1,https://www.moneydj.com/z/zh/zha/zh00.djhtm?a=C023731
太陽能,太陽能電池,太陽能_太陽能電池.csv,C023732,6,https://www.moneydj.com/z/zh/zha/zh00.djhtm?a=C023732
太陽能,太陽能電池模組,太陽能_太陽能電池模組.csv,C023733,7,https://www.moneydj.com/z/zh/zha/zh00.djhtm?a=C023733
太陽能,太陽能系統運用,太陽能_太陽能系統運用.csv,C023734,12,https://www.moneydj.com/z/zh/zha/zh00.djhtm?a=C023734
太陽能,PV INVERTER,太陽能_PV INVERTER.csv,C023735,5,https://www.moneydj.com/z/zh/zha/zh00.djhtm?a=C023735
太陽能,太陽能導電漿,太陽能_太陽能導電漿.csv,C023736,3,https://www.moneydj.com/z/zh/zha/zh00.djhtm?a=C023736
太陽能,太陽能玻璃,太陽能_太陽能玻璃.csv,C023737,0,https://www.moneydj.com/z/zh/zha/zh00.djhtm?a=C023737
太陽能,太陽能多晶矽,太陽能_太陽能多晶矽.csv,C023739,0,https://www.moneydj.com/z/zh/zha/zh00.djhtm?a=C023739
遊戲產業,PC遊戲,遊戲產業_PC遊戲.csv,C023362,14,https://www.moneydj.com/z/zh/zha/zh00.djhtm?a=C023362
遊戲產業,遊戲機,遊戲產業_遊戲機.csv,C023455,3,https://www.moneydj.com/z/zh/zha/zh00.djhtm?a=C023455
遊戲產業,遊戲產業,遊戲產業_遊戲產業.csv,C023800,20,https://www.moneydj.com/z/zh/zha/zh00.djhtm?a=C023800
遊戲產業,商用遊戲機,遊戲產業_商用遊戲機.csv,C023801,2,https://www.moneydj.com/z/zh/zha/zh00.djhtm?a=C023801
遊戲產業,手機遊戲,遊戲產業_手機遊戲.csv,C023803,14,https://www.moneydj.com/z/zh/zha/zh00.djhtm?a=C023803
手機零組件,手機震動馬達,手機零組件_手機震動馬達.csv,C023136,0,https://www.moneydj.com/z/zh/zha/zh00.djhtm?a=C023136
手機零組件,手機面板驅動IC,手機零組件_手機面板驅動IC.csv,C023292,5,https://www.moneydj.com/z/zh/zha/zh00.djhtm?a=C023292
手機零組件,手機外殼,手機零組件_手機外殼.csv,C023294,0,https://www.moneydj.com/z/zh/zha/zh00.djhtm?a=C023294
手機零組件,手機按鍵,手機零組件_手機按鍵.csv,C023296,0,https://www.moneydj.com/z/zh/zha/zh00.djhtm?a=C023296
手機零組件,手機晶片相關,手機零組件_手機晶片相關.csv,C023335,1,https://www.moneydj.com/z/zh/zha/zh00.djhtm?a=C023335
手機零組件,手機鏡頭模組,手機零組件_手機鏡頭模組.csv,C023423,2,https://www.moneydj.com/z/zh/zha/zh00.djhtm?a=C023423
手機零組件,手機零組件,手機零組件_手機零組件.csv,C023802,8,https://www.moneydj.com/z/zh/zha/zh00.djhtm?a=C023802
手機零組件,手機用電池,手機零組件_手機用電池.csv,C023933,0,https://www.moneydj.com/z/zh/zha/zh00.djhtm?a=C023933
封測服務與材料,金、錫凸塊,封測服務與材料_金、錫凸塊.csv,C023202,4,https://www.moneydj.com/z/zh/zha/zh00.djhtm?a=C023202
封測服務與材料,探針、探針卡,封測服務與材料_探針、探針卡.csv,C023208,3,https://www.moneydj.com/z/zh/zha/zh00.djhtm?a=C023208
封測服務與材料,導線架,封測服務與材料_導線架.csv,C023330,7,https://www.moneydj.com/z/zh/zha/zh00.djhtm?a=C023330
封測服務與材料,IC基板,封測服務與材料_IC基板.csv,C023331,5,https://www.moneydj.com/z/zh/zha/zh00.djhtm?a=C023331
封測服務與材料,封測服務與材料,封測服務與材料_封測服務與材料.csv,C023850,23,https://www.moneydj.com/z/zh/zha/zh00.djhtm?a=C023850
封測服務與材料,測試用板卡,封測服務與材料_測試用板卡.csv,C023851,2,https://www.moneydj.com/z/zh/zha/zh00.djhtm?a=C023851
封測服務與材料,BGA基板,封測服務與材料_BGA基板.csv,C023853,2,https://www.moneydj.com/z/zh/zha/zh00.djhtm?a=C023853
封測服務與材料,ABF載板,封測服務與材料_ABF載板.csv,C023854,2,https://www.moneydj.com/z/zh/zha/zh00.djhtm?a=C023854
電聲產品,藍牙耳機,電聲產品_藍牙耳機.csv,C023266,2,https://www.moneydj.com/z/zh/zha/zh00.djhtm?a=C023266
電聲產品,受話器,電聲產品_受話器.csv,C023297,1,https://www.moneydj.com/z/zh/zha/zh00.djhtm?a=C023297
電聲產品,電聲產品,電聲產品_電聲產品.csv,C023880,7,https://www.moneydj.com/z/zh/zha/zh00.djhtm?a=C023880
電聲產品,耳機,電聲產品_耳機.csv,C023881,5,https://www.moneydj.com/z/zh/zha/zh00.djhtm?a=C023881
電聲產品,微型揚聲器,電聲產品_微型揚聲器.csv,C023882,1,https://www.moneydj.com/z/zh/zha/zh00.djhtm?a=C023882
電聲產品,麥克風,電聲產品_麥克風.csv,C023885,1,https://www.moneydj.com/z/zh/zha/zh00.djhtm?a=C023885
生物辨識相關,生物辨識相關,生物辨識相關_生物辨識相關.csv,C023900,2,https://www.moneydj.com/z/zh/zha/zh00.djhtm?a=C023900
生物辨識相關,指紋辨識,生物辨識相關_指紋辨識.csv,C023901,0,https://www.moneydj.com/z/zh/zha/zh00.djhtm?a=C023901
生物辨識相關,人臉辨識,生物辨識相關_人臉辨識.csv,C023902,1,https://www.moneydj.com/z/zh/zha/zh00.djhtm?a=C023902
生物辨識相關,虹膜辨識,生物辨識相關_虹膜辨識.csv,C023903,0,https://www.moneydj.com/z/zh/zha/zh00.djhtm?a=C023903
生物辨識相關,掌紋辨識,生物辨識相關_掌紋辨識.csv,C023904,0,https://www.moneydj.com/z/zh/zha/zh00.djhtm?a=C023904
生物辨識相關,語音辨識,生物辨識相關_語音辨識.csv,C023905,1,https://www.moneydj.com/z/zh/zha/zh00.djhtm?a=C023905
射頻前端晶片,功率放大器,射頻前端晶片_功率放大器.csv,C023295,2,https://www.moneydj.com/z/zh/zha/zh00.djhtm?a=C023295
射頻前端晶片,射頻前端晶片,射頻前端晶片_射頻前端晶片.csv,C023920,3,https://www.moneydj.com/z/zh/zha/zh00.djhtm?a=C023920
射頻前端晶片,低雜訊放大器,射頻前端晶片_低雜訊放大器.csv,C023921,0,https://www.moneydj.com/z/zh/zha/zh00.djhtm?a=C023921
射頻前端晶片,射頻開關,射頻前端晶片_射頻開關.csv,C023922,1,https://www.moneydj.com/z/zh/zha/zh00.djhtm?a=C023922
射頻前端晶片,射頻前端模組,射頻前端晶片_射頻前端模組.csv,C023923,1,https://www.moneydj.com/z/zh/zha/zh00.djhtm?a=C023923
電腦系統業,桌上型電腦,電腦系統業_桌上型電腦.csv,C023140,7,https://www.moneydj.com/z/zh/zha/zh00.djhtm?a=C023140
電腦系統業,伺服器,電腦系統業_伺服器.csv,C023145,15,https://www.moneydj.com/z/zh/zha/zh00.djhtm?a=C023145
電腦系統業,筆記型電腦,電腦系統業_筆記型電腦.csv,C023150,4,https://www.moneydj.com/z/zh/zha/zh00.djhtm?a=C023150
電腦系統業,筆記型電腦製造,電腦系統業_筆記型電腦製造.csv,C023151,10,https://www.moneydj.com/z/zh/zha/zh00.djhtm?a=C023151
電腦系統業,主機板,電腦系統業_主機板.csv,C023300,12,https://www.moneydj.com/z/zh/zha/zh00.djhtm?a=C023300
電腦系統業,AI伺服器,電腦系統業_AI伺服器.csv,C023515,13,https://www.moneydj.com/z/zh/zha/zh00.djhtm?a=C023515
電腦系統業,ASIC伺服器,電腦系統業_ASIC伺服器.csv,C023516,2,https://www.moneydj.com/z/zh/zha/zh00.djhtm?a=C023516
電腦系統業,工作站,電腦系統業_工作站.csv,C023517,0,https://www.moneydj.com/z/zh/zha/zh00.djhtm?a=C023517
電腦系統業,繪圖卡,電腦系統業_繪圖卡.csv,C023700,8,https://www.moneydj.com/z/zh/zha/zh00.djhtm?a=C023700
電腦系統業,準系統,電腦系統業_準系統.csv,C023702,2,https://www.moneydj.com/z/zh/zha/zh00.djhtm?a=C023702
電腦系統業,電子製造服務,電腦系統業_電子製造服務.csv,C023760,28,https://www.moneydj.com/z/zh/zha/zh00.djhtm?a=C023760
電腦系統業,電競筆電,電腦系統業_電競筆電.csv,C023929,4,https://www.moneydj.com/z/zh/zha/zh00.djhtm?a=C023929
電腦系統業,教育筆電,電腦系統業_教育筆電.csv,C023930,2,https://www.moneydj.com/z/zh/zha/zh00.djhtm?a=C023930
電腦系統業,強固電腦,電腦系統業_強固電腦.csv,C023931,3,https://www.moneydj.com/z/zh/zha/zh00.djhtm?a=C023931
電腦系統業,電腦系統業,電腦系統業_電腦系統業.csv,C023990,52,https://www.moneydj.com/z/zh/zha/zh00.djhtm?a=C023990
傳輸介面,USB,傳輸介面_USB.csv,C023205,0,https://www.moneydj.com/z/zh/zha/zh00.djhtm?a=C023205
傳輸介面,傳輸介面,傳輸介面_傳輸介面.csv,C023992,2,https://www.moneydj.com/z/zh/zha/zh00.djhtm?a=C023992
傳輸介面,THUNDERBOLT,傳輸介面_THUNDERBOLT.csv,C023993,1,https://www.moneydj.com/z/zh/zha/zh00.djhtm?a=C023993
傳輸介面,DISPLAYPORT,傳輸介面_DISPLAYPORT.csv,C023994,1,https://www.moneydj.com/z/zh/zha/zh00.djhtm?a=C023994
傳輸介面,HDMI,傳輸介面_HDMI.csv,C023995,0,https://www.moneydj.com/z/zh/zha/zh00.djhtm?a=C023995
地產,營建,地產_營建.csv,C025010,82,https://www.moneydj.com/z/zh/zha/zh00.djhtm?a=C025010
地產,房屋仲介,地產_房屋仲介.csv,C025011,1,https://www.moneydj.com/z/zh/zha/zh00.djhtm?a=C025011
地產,房屋代銷,地產_房屋代銷.csv,C025013,3,https://www.moneydj.com/z/zh/zha/zh00.djhtm?a=C025013
地產,地產,地產_地產.csv,C025080,105,https://www.moneydj.com/z/zh/zha/zh00.djhtm?a=C025080
地產,物業投資發展,地產_物業投資發展.csv,C025092,27,https://www.moneydj.com/z/zh/zha/zh00.djhtm?a=C025092
地產,園區開發,地產_園區開發.csv,C025093,1,https://www.moneydj.com/z/zh/zha/zh00.djhtm?a=C025093
地產,物業管理服務,地產_物業管理服務.csv,C025095,1,https://www.moneydj.com/z/zh/zha/zh00.djhtm?a=C025095
營造工程,住宅建設,營造工程_住宅建設.csv,C025020,18,https://www.moneydj.com/z/zh/zha/zh00.djhtm?a=C025020
營造工程,基礎建設,營造工程_基礎建設.csv,C025021,14,https://www.moneydj.com/z/zh/zha/zh00.djhtm?a=C025021
營造工程,其他營造工程,營造工程_其他營造工程.csv,C025022,2,https://www.moneydj.com/z/zh/zha/zh00.djhtm?a=C025022
營造工程,幕牆工程,營造工程_幕牆工程.csv,C025023,0,https://www.moneydj.com/z/zh/zha/zh00.djhtm?a=C025023
營造工程,設計裝潢,營造工程_設計裝潢.csv,C025030,4,https://www.moneydj.com/z/zh/zha/zh00.djhtm?a=C025030
營造工程,園林造景,營造工程_園林造景.csv,C025031,1,https://www.moneydj.com/z/zh/zha/zh00.djhtm?a=C025031
營造工程,水電消防工程,營造工程_水電消防工程.csv,C025032,5,https://www.moneydj.com/z/zh/zha/zh00.djhtm?a=C025032
營造工程,營造工程,營造工程_營造工程.csv,C025090,45,https://www.moneydj.com/z/zh/zha/zh00.djhtm?a=C025090
營造工程,土石方工程商,營造工程_土石方工程商.csv,C025100,1,https://www.moneydj.com/z/zh/zha/zh00.djhtm?a=C025100
營造工程,工程統包商,營造工程_工程統包商.csv,C025101,0,https://www.moneydj.com/z/zh/zha/zh00.djhtm?a=C025101
營造工程,工程顧問,營造工程_工程顧問.csv,C099160,9,https://www.moneydj.com/z/zh/zha/zh00.djhtm?a=C099160
營造工程,環保工程,營造工程_環保工程.csv,C099191,9,https://www.moneydj.com/z/zh/zha/zh00.djhtm?a=C099191
基礎建設營運,基礎建設營運,基礎建設營運_基礎建設營運.csv,C025900,0,https://www.moneydj.com/z/zh/zha/zh00.djhtm?a=C025900
基礎建設營運,公路,基礎建設營運_公路.csv,C025910,0,https://www.moneydj.com/z/zh/zha/zh00.djhtm?a=C025910
基礎建設營運,機場,基礎建設營運_機場.csv,C025930,0,https://www.moneydj.com/z/zh/zha/zh00.djhtm?a=C025930
基礎建設營運,港口,基礎建設營運_港口.csv,C025940,0,https://www.moneydj.com/z/zh/zha/zh00.djhtm?a=C025940
運輸事業,貨櫃場服務,運輸事業_貨櫃場服務.csv,C026010,10,https://www.moneydj.com/z/zh/zha/zh00.djhtm?a=C026010
運輸事業,倉儲服務,運輸事業_倉儲服務.csv,C026011,4,https://www.moneydj.com/z/zh/zha/zh00.djhtm?a=C026011
運輸事業,貨櫃航運,運輸事業_貨櫃航運.csv,C026020,3,https://www.moneydj.com/z/zh/zha/zh00.djhtm?a=C026020
運輸事業,散裝航運,運輸事業_散裝航運.csv,C026030,9,https://www.moneydj.com/z/zh/zha/zh00.djhtm?a=C026030
運輸事業,陸運,運輸事業_陸運.csv,C026040,9,https://www.moneydj.com/z/zh/zha/zh00.djhtm?a=C026040
運輸事業,空運,運輸事業_空運.csv,C026050,4,https://www.moneydj.com/z/zh/zha/zh00.djhtm?a=C026050
運輸事業,海空運承攬業,運輸事業_海空運承攬業.csv,C026051,4,https://www.moneydj.com/z/zh/zha/zh00.djhtm?a=C026051
運輸事業,飛機維修,運輸事業_飛機維修.csv,C026052,2,https://www.moneydj.com/z/zh/zha/zh00.djhtm?a=C026052
運輸事業,客運,運輸事業_客運.csv,C026060,2,https://www.moneydj.com/z/zh/zha/zh00.djhtm?a=C026060
運輸事業,水上運輸,運輸事業_水上運輸.csv,C026061,1,https://www.moneydj.com/z/zh/zha/zh00.djhtm?a=C026061
運輸事業,油輪,運輸事業_油輪.csv,C026062,2,https://www.moneydj.com/z/zh/zha/zh00.djhtm?a=C026062
運輸事業,鐵路運輸,運輸事業_鐵路運輸.csv,C026063,1,https://www.moneydj.com/z/zh/zha/zh00.djhtm?a=C026063
運輸事業,運輸事業,運輸事業_運輸事業.csv,C026990,41,https://www.moneydj.com/z/zh/zha/zh00.djhtm?a=C026990
運輸事業,物流業,運輸事業_物流業.csv,C029030,10,https://www.moneydj.com/z/zh/zha/zh00.djhtm?a=C029030
旅宿／餐飲,旅宿／餐飲,旅宿／餐飲_旅宿／餐飲.csv,C027010,57,https://www.moneydj.com/z/zh/zha/zh00.djhtm?a=C027010
旅宿／餐飲,飯店,旅宿／餐飲_飯店.csv,C027011,27,https://www.moneydj.com/z/zh/zha/zh00.djhtm?a=C027011
旅宿／餐飲,餐飲,旅宿／餐飲_餐飲.csv,C027013,30,https://www.moneydj.com/z/zh/zha/zh00.djhtm?a=C027013
旅宿／餐飲,渡假山莊,旅宿／餐飲_渡假山莊.csv,C027014,1,https://www.moneydj.com/z/zh/zha/zh00.djhtm?a=C027014
旅宿／餐飲,休閒食品零售,旅宿／餐飲_休閒食品零售.csv,C027015,1,https://www.moneydj.com/z/zh/zha/zh00.djhtm?a=C027015
旅宿／餐飲,連鎖飲料,旅宿／餐飲_連鎖飲料.csv,C027016,4,https://www.moneydj.com/z/zh/zha/zh00.djhtm?a=C027016
休閒娛樂,休閒娛樂,休閒娛樂_休閒娛樂.csv,C027012,19,https://www.moneydj.com/z/zh/zha/zh00.djhtm?a=C027012
休閒娛樂,旅遊,休閒娛樂_旅遊.csv,C027020,0,https://www.moneydj.com/z/zh/zha/zh00.djhtm?a=C027020
休閒娛樂,主題樂園,休閒娛樂_主題樂園.csv,C027021,2,https://www.moneydj.com/z/zh/zha/zh00.djhtm?a=C027021
休閒娛樂,博奕相關,休閒娛樂_博奕相關.csv,C027022,0,https://www.moneydj.com/z/zh/zha/zh00.djhtm?a=C027022
休閒娛樂,電影院／劇院,休閒娛樂_電影院／劇院.csv,C027024,1,https://www.moneydj.com/z/zh/zha/zh00.djhtm?a=C027024
休閒娛樂,俱樂部,休閒娛樂_俱樂部.csv,C027025,1,https://www.moneydj.com/z/zh/zha/zh00.djhtm?a=C027025
休閒娛樂,陳列展覽相關,休閒娛樂_陳列展覽相關.csv,C027026,1,https://www.moneydj.com/z/zh/zha/zh00.djhtm?a=C027026
休閒娛樂,大型遊樂場,休閒娛樂_大型遊樂場.csv,C027060,1,https://www.moneydj.com/z/zh/zha/zh00.djhtm?a=C027060
休閒娛樂,連鎖健身房,休閒娛樂_連鎖健身房.csv,C027061,3,https://www.moneydj.com/z/zh/zha/zh00.djhtm?a=C027061
休閒娛樂,旅行社,休閒娛樂_旅行社.csv,C027062,7,https://www.moneydj.com/z/zh/zha/zh00.djhtm?a=C027062
休閒娛樂,KTV,休閒娛樂_KTV.csv,C027063,1,https://www.moneydj.com/z/zh/zha/zh00.djhtm?a=C027063
時尚產業,時尚產業,時尚產業_時尚產業.csv,C027027,18,https://www.moneydj.com/z/zh/zha/zh00.djhtm?a=C027027
時尚產業,精品,時尚產業_精品.csv,C027028,0,https://www.moneydj.com/z/zh/zha/zh00.djhtm?a=C027028
時尚產業,美妝保養品,時尚產業_美妝保養品.csv,C027029,16,https://www.moneydj.com/z/zh/zha/zh00.djhtm?a=C027029
時尚產業,珠寶,時尚產業_珠寶.csv,C027030,2,https://www.moneydj.com/z/zh/zha/zh00.djhtm?a=C027030
時尚產業,美容,時尚產業_美容.csv,C027040,3,https://www.moneydj.com/z/zh/zha/zh00.djhtm?a=C027040
時尚產業,鐘錶,時尚產業_鐘錶.csv,C099220,0,https://www.moneydj.com/z/zh/zha/zh00.djhtm?a=C099220
金融業,銀行,金融業_銀行.csv,C028010,21,https://www.moneydj.com/z/zh/zha/zh00.djhtm?a=C028010
金融業,壽險,金融業_壽險.csv,C028020,8,https://www.moneydj.com/z/zh/zha/zh00.djhtm?a=C028020
金融業,產險,金融業_產險.csv,C028030,9,https://www.moneydj.com/z/zh/zha/zh00.djhtm?a=C028030
金融業,保險經紀,金融業_保險經紀.csv,C028031,6,https://www.moneydj.com/z/zh/zha/zh00.djhtm?a=C028031
金融業,票券,金融業_票券.csv,C028040,4,https://www.moneydj.com/z/zh/zha/zh00.djhtm?a=C028040
金融業,證金公司,金融業_證金公司.csv,C028050,1,https://www.moneydj.com/z/zh/zha/zh00.djhtm?a=C028050
金融業,證券,金融業_證券.csv,C028060,22,https://www.moneydj.com/z/zh/zha/zh00.djhtm?a=C028060
金融業,期貨,金融業_期貨.csv,C028061,2,https://www.moneydj.com/z/zh/zha/zh00.djhtm?a=C028061
金融業,投信,金融業_投信.csv,C028070,10,https://www.moneydj.com/z/zh/zha/zh00.djhtm?a=C028070
金融業,投資信託,金融業_投資信託.csv,C028090,4,https://www.moneydj.com/z/zh/zha/zh00.djhtm?a=C028090
金融業,房地產投資信託,金融業_房地產投資信託.csv,C028091,0,https://www.moneydj.com/z/zh/zha/zh00.djhtm?a=C028091
金融業,金控,金融業_金控.csv,C028100,13,https://www.moneydj.com/z/zh/zha/zh00.djhtm?a=C028100
金融業,租賃,金融業_租賃.csv,C028110,4,https://www.moneydj.com/z/zh/zha/zh00.djhtm?a=C028110
金融業,金融其他,金融業_金融其他.csv,C028120,14,https://www.moneydj.com/z/zh/zha/zh00.djhtm?a=C028120
金融業,資產管理,金融業_資產管理.csv,C028121,12,https://www.moneydj.com/z/zh/zha/zh00.djhtm?a=C028121
金融業,再保險,金融業_再保險.csv,C028122,2,https://www.moneydj.com/z/zh/zha/zh00.djhtm?a=C028122
金融業,消費金融,金融業_消費金融.csv,C028123,0,https://www.moneydj.com/z/zh/zha/zh00.djhtm?a=C028123
金融業,金融業,金融業_金融業.csv,C028990,50,https://www.moneydj.com/z/zh/zha/zh00.djhtm?a=C028990
流通業,便利商店,流通業_便利商店.csv,C027050,2,https://www.moneydj.com/z/zh/zha/zh00.djhtm?a=C027050
流通業,流通業,流通業_流通業.csv,C029001,34,https://www.moneydj.com/z/zh/zha/zh00.djhtm?a=C029001
流通業,百貨業,流通業_百貨業.csv,C029010,8,https://www.moneydj.com/z/zh/zha/zh00.djhtm?a=C029010
流通業,貿易,流通業_貿易.csv,C029020,11,https://www.moneydj.com/z/zh/zha/zh00.djhtm?a=C029020
流通業,書店,流通業_書店.csv,C029021,1,https://www.moneydj.com/z/zh/zha/zh00.djhtm?a=C029021
流通業,相片沖印,流通業_相片沖印.csv,C029040,0,https://www.moneydj.com/z/zh/zha/zh00.djhtm?a=C029040
流通業,量販店、大賣場,流通業_量販店、大賣場.csv,C029050,3,https://www.moneydj.com/z/zh/zha/zh00.djhtm?a=C029050
流通業,藥妝零售相關,流通業_藥妝零售相關.csv,C029060,1,https://www.moneydj.com/z/zh/zha/zh00.djhtm?a=C029060
流通業,連鎖超市,流通業_連鎖超市.csv,C029070,2,https://www.moneydj.com/z/zh/zha/zh00.djhtm?a=C029070
流通業,食品飲料相關通路,流通業_食品飲料相關通路.csv,C029080,7,https://www.moneydj.com/z/zh/zha/zh00.djhtm?a=C029080
流通業,家居相關用品通路,流通業_家居相關用品通路.csv,C029094,8,https://www.moneydj.com/z/zh/zha/zh00.djhtm?a=C029094
流通業,免稅店,流通業_免稅店.csv,C029095,0,https://www.moneydj.com/z/zh/zha/zh00.djhtm?a=C029095
無店舖販售,無店舖販售,無店舖販售_無店舖販售.csv,C029090,2,https://www.moneydj.com/z/zh/zha/zh00.djhtm?a=C029090
無店舖販售,郵購,無店舖販售_郵購.csv,C029091,0,https://www.moneydj.com/z/zh/zha/zh00.djhtm?a=C029091
無店舖販售,直銷,無店舖販售_直銷.csv,C029092,0,https://www.moneydj.com/z/zh/zha/zh00.djhtm?a=C029092
無店舖販售,電視購物,無店舖販售_電視購物.csv,C029093,2,https://www.moneydj.com/z/zh/zha/zh00.djhtm?a=C029093
電力公共事業,電力公共事業,電力公共事業_電力公共事業.csv,C015203,5,https://www.moneydj.com/z/zh/zha/zh00.djhtm?a=C015203
水資源,水利,水資源_水利.csv,C025920,3,https://www.moneydj.com/z/zh/zha/zh00.djhtm?a=C025920
水資源,水資源,水資源_水資源.csv,C025980,15,https://www.moneydj.com/z/zh/zha/zh00.djhtm?a=C025980
水資源,海水淡化,水資源_海水淡化.csv,C025981,1,https://www.moneydj.com/z/zh/zha/zh00.djhtm?a=C025981
水資源,污水處理,水資源_污水處理.csv,C025982,10,https://www.moneydj.com/z/zh/zha/zh00.djhtm?a=C025982
水資源,水資源設備／耗材,水資源_水資源設備／耗材.csv,C025983,5,https://www.moneydj.com/z/zh/zha/zh00.djhtm?a=C025983
其他公用事業,駕訓班,其他公用事業_駕訓班.csv,C025960,0,https://www.moneydj.com/z/zh/zha/zh00.djhtm?a=C025960
其他公用事業,加油站,其他公用事業_加油站.csv,C099100,6,https://www.moneydj.com/z/zh/zha/zh00.djhtm?a=C099100
其他公用事業,其他公用事業,其他公用事業_其他公用事業.csv,C099370,8,https://www.moneydj.com/z/zh/zha/zh00.djhtm?a=C099370
其他公用事業,停車場,其他公用事業_停車場.csv,C099371,2,https://www.moneydj.com/z/zh/zha/zh00.djhtm?a=C099371
其他公用事業,交通號誌,其他公用事業_交通號誌.csv,C099372,0,https://www.moneydj.com/z/zh/zha/zh00.djhtm?a=C099372
控股公司,控股公司,控股公司_控股公司.csv,C098020,26,https://www.moneydj.com/z/zh/zha/zh00.djhtm?a=C098020
醫藥產業,醫藥產業,醫藥產業_醫藥產業.csv,C017000,65,https://www.moneydj.com/z/zh/zha/zh00.djhtm?a=C017000
醫藥產業,西藥製劑,醫藥產業_西藥製劑.csv,C017011,30,https://www.moneydj.com/z/zh/zha/zh00.djhtm?a=C017011
醫藥產業,中藥製劑,醫藥產業_中藥製劑.csv,C017012,3,https://www.moneydj.com/z/zh/zha/zh00.djhtm?a=C017012
醫藥產業,原料藥,醫藥產業_原料藥.csv,C017013,8,https://www.moneydj.com/z/zh/zha/zh00.djhtm?a=C017013
醫藥產業,新藥研發,醫藥產業_新藥研發.csv,C017014,36,https://www.moneydj.com/z/zh/zha/zh00.djhtm?a=C017014
醫藥產業,植物新藥,醫藥產業_植物新藥.csv,C017015,5,https://www.moneydj.com/z/zh/zha/zh00.djhtm?a=C017015
醫藥產業,生物製劑,醫藥產業_生物製劑.csv,C017016,14,https://www.moneydj.com/z/zh/zha/zh00.djhtm?a=C017016
醫藥產業,維生素,醫藥產業_維生素.csv,C017017,0,https://www.moneydj.com/z/zh/zha/zh00.djhtm?a=C017017
醫藥產業,醫藥研發外包服務,醫藥產業_醫藥研發外包服務.csv,C017023,8,https://www.moneydj.com/z/zh/zha/zh00.djhtm?a=C017023
醫藥產業,學名藥,醫藥產業_學名藥.csv,C017024,24,https://www.moneydj.com/z/zh/zha/zh00.djhtm?a=C017024
醫藥產業,專利藥,醫藥產業_專利藥.csv,C017025,2,https://www.moneydj.com/z/zh/zha/zh00.djhtm?a=C017025
醫藥產業,動物用藥,醫藥產業_動物用藥.csv,C017105,2,https://www.moneydj.com/z/zh/zha/zh00.djhtm?a=C017105
醫藥產業,細胞治療,醫藥產業_細胞治療.csv,C017143,3,https://www.moneydj.com/z/zh/zha/zh00.djhtm?a=C017143
生物科技,生物科技,生物科技_生物科技.csv,C017010,46,https://www.moneydj.com/z/zh/zha/zh00.djhtm?a=C017010
生物科技,生技特用化學品,生物科技_生技特用化學品.csv,C017018,2,https://www.moneydj.com/z/zh/zha/zh00.djhtm?a=C017018
生物科技,農業生技,生物科技_農業生技.csv,C017019,5,https://www.moneydj.com/z/zh/zha/zh00.djhtm?a=C017019
生物科技,環保生技,生物科技_環保生技.csv,C017020,1,https://www.moneydj.com/z/zh/zha/zh00.djhtm?a=C017020
生物科技,生技服務,生物科技_生技服務.csv,C017021,6,https://www.moneydj.com/z/zh/zha/zh00.djhtm?a=C017021
生物科技,植物工廠,生物科技_植物工廠.csv,C017022,0,https://www.moneydj.com/z/zh/zha/zh00.djhtm?a=C017022
生物科技,食品生技,生物科技_食品生技.csv,C017108,31,https://www.moneydj.com/z/zh/zha/zh00.djhtm?a=C017108
智慧醫療技術,智慧醫療技術,智慧醫療技術_智慧醫療技術.csv,C017107,6,https://www.moneydj.com/z/zh/zha/zh00.djhtm?a=C017107
醫藥流通,醫療器材通路,醫藥流通_醫療器材通路.csv,C017100,19,https://www.moneydj.com/z/zh/zha/zh00.djhtm?a=C017100
醫藥流通,醫藥流通,醫藥流通_醫藥流通.csv,C017116,27,https://www.moneydj.com/z/zh/zha/zh00.djhtm?a=C017116
醫藥流通,藥品通路,醫藥流通_藥品通路.csv,C017144,5,https://www.moneydj.com/z/zh/zha/zh00.djhtm?a=C017144
體外診斷用醫材,血糖儀,體外診斷用醫材_血糖儀.csv,C017111,7,https://www.moneydj.com/z/zh/zha/zh00.djhtm?a=C017111
體外診斷用醫材,體外診斷用醫材,體外診斷用醫材_體外診斷用醫材.csv,C017118,23,https://www.moneydj.com/z/zh/zha/zh00.djhtm?a=C017118
體外診斷用醫材,檢驗試劑／紙,體外診斷用醫材_檢驗試劑／紙.csv,C017119,14,https://www.moneydj.com/z/zh/zha/zh00.djhtm?a=C017119
體外診斷用醫材,IVD檢驗儀器設備,體外診斷用醫材_IVD檢驗儀器設備.csv,C017121,9,https://www.moneydj.com/z/zh/zha/zh00.djhtm?a=C017121
診斷與監測用醫材,生命科學工具,診斷與監測用醫材_生命科學工具.csv,C017106,2,https://www.moneydj.com/z/zh/zha/zh00.djhtm?a=C017106
診斷與監測用醫材,血壓計,診斷與監測用醫材_血壓計.csv,C017110,3,https://www.moneydj.com/z/zh/zha/zh00.djhtm?a=C017110
診斷與監測用醫材,體溫計,診斷與監測用醫材_體溫計.csv,C017112,4,https://www.moneydj.com/z/zh/zha/zh00.djhtm?a=C017112
診斷與監測用醫材,診斷與監測用醫材,診斷與監測用醫材_診斷與監測用醫材.csv,C017122,18,https://www.moneydj.com/z/zh/zha/zh00.djhtm?a=C017122
診斷與監測用醫材,生理監測裝置,診斷與監測用醫材_生理監測裝置.csv,C017123,1,https://www.moneydj.com/z/zh/zha/zh00.djhtm?a=C017123
診斷與監測用醫材,生理檢測器材,診斷與監測用醫材_生理檢測器材.csv,C017124,2,https://www.moneydj.com/z/zh/zha/zh00.djhtm?a=C017124
診斷與監測用醫材,醫學影像裝置,診斷與監測用醫材_醫學影像裝置.csv,C017125,9,https://www.moneydj.com/z/zh/zha/zh00.djhtm?a=C017125
手術與治療用醫材,洗腎器具,手術與治療用醫材_洗腎器具.csv,C017114,3,https://www.moneydj.com/z/zh/zha/zh00.djhtm?a=C017114
手術與治療用醫材,手術與治療用醫材,手術與治療用醫材_手術與治療用醫材.csv,C017126,14,https://www.moneydj.com/z/zh/zha/zh00.djhtm?a=C017126
手術與治療用醫材,物理治療器具,手術與治療用醫材_物理治療器具.csv,C017127,1,https://www.moneydj.com/z/zh/zha/zh00.djhtm?a=C017127
手術與治療用醫材,呼吸與麻醉用器具,手術與治療用醫材_呼吸與麻醉用器具.csv,C017128,2,https://www.moneydj.com/z/zh/zha/zh00.djhtm?a=C017128
手術與治療用醫材,放射治療設備,手術與治療用醫材_放射治療設備.csv,C017129,2,https://www.moneydj.com/z/zh/zha/zh00.djhtm?a=C017129
手術與治療用醫材,動力手術器具,手術與治療用醫材_動力手術器具.csv,C017131,2,https://www.moneydj.com/z/zh/zha/zh00.djhtm?a=C017131
手術與治療用醫材,其他手術器械,手術與治療用醫材_其他手術器械.csv,C017132,1,https://www.moneydj.com/z/zh/zha/zh00.djhtm?a=C017132
輔助與彌補用醫材,電動代步車,輔助與彌補用醫材_電動代步車.csv,C017101,0,https://www.moneydj.com/z/zh/zha/zh00.djhtm?a=C017101
輔助與彌補用醫材,福祉輔助設備,輔助與彌補用醫材_福祉輔助設備.csv,C017104,2,https://www.moneydj.com/z/zh/zha/zh00.djhtm?a=C017104
輔助與彌補用醫材,隱形眼鏡,輔助與彌補用醫材_隱形眼鏡.csv,C017113,7,https://www.moneydj.com/z/zh/zha/zh00.djhtm?a=C017113
輔助與彌補用醫材,醫用植入材料,輔助與彌補用醫材_醫用植入材料.csv,C017115,5,https://www.moneydj.com/z/zh/zha/zh00.djhtm?a=C017115
輔助與彌補用醫材,輔助與彌補用醫材,輔助與彌補用醫材_輔助與彌補用醫材.csv,C017133,19,https://www.moneydj.com/z/zh/zha/zh00.djhtm?a=C017133
輔助與彌補用醫材,人造關節,輔助與彌補用醫材_人造關節.csv,C017134,1,https://www.moneydj.com/z/zh/zha/zh00.djhtm?a=C017134
輔助與彌補用醫材,牙科植入器材,輔助與彌補用醫材_牙科植入器材.csv,C017135,1,https://www.moneydj.com/z/zh/zha/zh00.djhtm?a=C017135
輔助與彌補用醫材,骨科類器材,輔助與彌補用醫材_骨科類器材.csv,C017136,4,https://www.moneydj.com/z/zh/zha/zh00.djhtm?a=C017136
其他醫療器材,醫療耗材,其他醫療器材_醫療耗材.csv,C017109,7,https://www.moneydj.com/z/zh/zha/zh00.djhtm?a=C017109
其他醫療器材,其他醫療器材,其他醫療器材_其他醫療器材.csv,C017137,11,https://www.moneydj.com/z/zh/zha/zh00.djhtm?a=C017137
其他醫療器材,個人保護用器材,其他醫療器材_個人保護用器材.csv,C017138,2,https://www.moneydj.com/z/zh/zha/zh00.djhtm?a=C017138
其他醫療器材,醫用家具,其他醫療器材_醫用家具.csv,C017139,1,https://www.moneydj.com/z/zh/zha/zh00.djhtm?a=C017139
醫療管理服務,醫療服務,醫療管理服務_醫療服務.csv,C017103,10,https://www.moneydj.com/z/zh/zha/zh00.djhtm?a=C017103
醫療管理服務,醫療管理服務,醫療管理服務_醫療管理服務.csv,C017141,13,https://www.moneydj.com/z/zh/zha/zh00.djhtm?a=C017141
醫療管理服務,醫療檢驗服務,醫療管理服務_醫療檢驗服務.csv,C017142,0,https://www.moneydj.com/z/zh/zha/zh00.djhtm?a=C017142
農林漁牧,農林漁牧,農林漁牧_農林漁牧.csv,C011020,9,https://www.moneydj.com/z/zh/zha/zh00.djhtm?a=C011020
農林漁牧,農產品種植,農林漁牧_農產品種植.csv,C011021,1,https://www.moneydj.com/z/zh/zha/zh00.djhtm?a=C011021
農林漁牧,林業,農林漁牧_林業.csv,C011022,0,https://www.moneydj.com/z/zh/zha/zh00.djhtm?a=C011022
農林漁牧,漁業,農林漁牧_漁業.csv,C011023,0,https://www.moneydj.com/z/zh/zha/zh00.djhtm?a=C011023
農林漁牧,食用菌種植,農林漁牧_食用菌種植.csv,C011024,0,https://www.moneydj.com/z/zh/zha/zh00.djhtm?a=C011024
農林漁牧,種子生產,農林漁牧_種子生產.csv,C011026,0,https://www.moneydj.com/z/zh/zha/zh00.djhtm?a=C011026
農林漁牧,水產養殖,農林漁牧_水產養殖.csv,C011028,0,https://www.moneydj.com/z/zh/zha/zh00.djhtm?a=C011028
農林漁牧,畜牧業,農林漁牧_畜牧業.csv,C011029,0,https://www.moneydj.com/z/zh/zha/zh00.djhtm?a=C011029
農林漁牧,蛋業,農林漁牧_蛋業.csv,C011120,1,https://www.moneydj.com/z/zh/zha/zh00.djhtm?a=C011120
農林漁牧,家畜／家禽,農林漁牧_家畜／家禽.csv,C012018,1,https://www.moneydj.com/z/zh/zha/zh00.djhtm?a=C012018
農林漁牧,飼料,農林漁牧_飼料.csv,C012023,7,https://www.moneydj.com/z/zh/zha/zh00.djhtm?a=C012023
礦石開採,礦石開採,礦石開採_礦石開採.csv,C011027,0,https://www.moneydj.com/z/zh/zha/zh00.djhtm?a=C011027
礦石開採,礦產採掘服務,礦石開採_礦產採掘服務.csv,C099355,0,https://www.moneydj.com/z/zh/zha/zh00.djhtm?a=C099355
航天軍工,航天軍工,航天軍工_航天軍工.csv,C099340,8,https://www.moneydj.com/z/zh/zha/zh00.djhtm?a=C099340
航天軍工,衛星相關,航天軍工_衛星相關.csv,C099341,0,https://www.moneydj.com/z/zh/zha/zh00.djhtm?a=C099341
航天軍工,航空器、飛機,航天軍工_航空器、飛機.csv,C099342,0,https://www.moneydj.com/z/zh/zha/zh00.djhtm?a=C099342
航天軍工,航天機械零組件,航天軍工_航天機械零組件.csv,C099343,5,https://www.moneydj.com/z/zh/zha/zh00.djhtm?a=C099343
航天軍工,航天通訊零組件,航天軍工_航天通訊零組件.csv,C099344,0,https://www.moneydj.com/z/zh/zha/zh00.djhtm?a=C099344
航天軍工,軍火工業,航天軍工_軍火工業.csv,C099345,0,https://www.moneydj.com/z/zh/zha/zh00.djhtm?a=C099345
無人機,無人機,無人機_無人機.csv,C099346,1,https://www.moneydj.com/z/zh/zha/zh00.djhtm?a=C099346
無人機,商用無人機,無人機_商用無人機.csv,C099347,0,https://www.moneydj.com/z/zh/zha/zh00.djhtm?a=C099347
無人機,軍用無人機,無人機_軍用無人機.csv,C099348,1,https://www.moneydj.com/z/zh/zha/zh00.djhtm?a=C099348
石油及天然氣,石油開採,石油及天然氣_石油開採.csv,C013001,0,https://www.moneydj.com/z/zh/zha/zh00.djhtm?a=C013001
石油及天然氣,煉油,石油及天然氣_煉油.csv,C013002,1,https://www.moneydj.com/z/zh/zha/zh00.djhtm?a=C013002
石油及天然氣,頁岩油／氣,石油及天然氣_頁岩油／氣.csv,C013003,0,https://www.moneydj.com/z/zh/zha/zh00.djhtm?a=C013003
石油及天然氣,燃氣儲運／分銷,石油及天然氣_燃氣儲運／分銷.csv,C013191,0,https://www.moneydj.com/z/zh/zha/zh00.djhtm?a=C013191
石油及天然氣,石油及天然氣,石油及天然氣_石油及天然氣.csv,C013980,9,https://www.moneydj.com/z/zh/zha/zh00.djhtm?a=C013980
石油及天然氣,天然氣,石油及天然氣_天然氣.csv,C099070,6,https://www.moneydj.com/z/zh/zha/zh00.djhtm?a=C099070
石油及天然氣,油品儲運／分銷,石油及天然氣_油品儲運／分銷.csv,C099110,3,https://www.moneydj.com/z/zh/zha/zh00.djhtm?a=C099110
石油及天然氣,油氣採掘設備與工程,石油及天然氣_油氣採掘設備與工程.csv,C099351,0,https://www.moneydj.com/z/zh/zha/zh00.djhtm?a=C099351
石油及天然氣,油氣採掘服務,石油及天然氣_油氣採掘服務.csv,C099354,0,https://www.moneydj.com/z/zh/zha/zh00.djhtm?a=C099354
電力,電力,電力_電力.csv,C099360,15,https://www.moneydj.com/z/zh/zha/zh00.djhtm?a=C099360
電力,火力發電,電力_火力發電.csv,C099361,0,https://www.moneydj.com/z/zh/zha/zh00.djhtm?a=C099361
電力,汽電共生,電力_汽電共生.csv,C099362,4,https://www.moneydj.com/z/zh/zha/zh00.djhtm?a=C099362
電力,地熱發電,電力_地熱發電.csv,C099363,0,https://www.moneydj.com/z/zh/zha/zh00.djhtm?a=C099363
電力,水力發電,電力_水力發電.csv,C099364,0,https://www.moneydj.com/z/zh/zha/zh00.djhtm?a=C099364
電力,風力發電,電力_風力發電.csv,C099365,2,https://www.moneydj.com/z/zh/zha/zh00.djhtm?a=C099365
電力,核能發電,電力_核能發電.csv,C099366,0,https://www.moneydj.com/z/zh/zha/zh00.djhtm?a=C099366
電力,供熱,電力_供熱.csv,C099367,0,https://www.moneydj.com/z/zh/zha/zh00.djhtm?a=C099367
電力,太陽能發電,電力_太陽能發電.csv,C099368,11,https://www.moneydj.com/z/zh/zha/zh00.djhtm?a=C099368
電力,發電設備與零組件,電力_發電設備與零組件.csv,C099369,0,https://www.moneydj.com/z/zh/zha/zh00.djhtm?a=C099369
電力,垃圾發電,電力_垃圾發電.csv,C099373,0,https://www.moneydj.com/z/zh/zha/zh00.djhtm?a=C099373
煤,煤,煤_煤.csv,C099410,0,https://www.moneydj.com/z/zh/zha/zh00.djhtm?a=C099410
煤,煤炭採選設備,煤_煤炭採選設備.csv,C099411,0,https://www.moneydj.com/z/zh/zha/zh00.djhtm?a=C099411
傳播事業,傳播事業,傳播事業_傳播事業.csv,C099090,16,https://www.moneydj.com/z/zh/zha/zh00.djhtm?a=C099090
傳播事業,無線電視,傳播事業_無線電視.csv,C099091,1,https://www.moneydj.com/z/zh/zha/zh00.djhtm?a=C099091
傳播事業,出版業,傳播事業_出版業.csv,C099092,1,https://www.moneydj.com/z/zh/zha/zh00.djhtm?a=C099092
傳播事業,平面媒體,傳播事業_平面媒體.csv,C099094,0,https://www.moneydj.com/z/zh/zha/zh00.djhtm?a=C099094
傳播事業,廣告,傳播事業_廣告.csv,C099095,3,https://www.moneydj.com/z/zh/zha/zh00.djhtm?a=C099095
傳播事業,影音娛樂,傳播事業_影音娛樂.csv,C099096,6,https://www.moneydj.com/z/zh/zha/zh00.djhtm?a=C099096
傳播事業,有線電視,傳播事業_有線電視.csv,C099097,5,https://www.moneydj.com/z/zh/zha/zh00.djhtm?a=C099097
傳播事業,演出經紀,傳播事業_演出經紀.csv,C099401,2,https://www.moneydj.com/z/zh/zha/zh00.djhtm?a=C099401
傳播事業,行銷,傳播事業_行銷.csv,C099402,1,https://www.moneydj.com/z/zh/zha/zh00.djhtm?a=C099402
傳播事業,公關,傳播事業_公關.csv,C099403,0,https://www.moneydj.com/z/zh/zha/zh00.djhtm?a=C099403
文化創意產業,文化創意產業,文化創意產業_文化創意產業.csv,C099400,7,https://www.moneydj.com/z/zh/zha/zh00.djhtm?a=C099400
綜合,綜合,綜合_綜合.csv,C098010,0,https://www.moneydj.com/z/zh/zha/zh00.djhtm?a=C098010
傳產其他,耐火材料,傳產其他_耐火材料.csv,C018015,1,https://www.moneydj.com/z/zh/zha/zh00.djhtm?a=C018015
傳產其他,傳產其他,傳產其他_傳產其他.csv,C099010,91,https://www.moneydj.com/z/zh/zha/zh00.djhtm?a=C099010
傳產其他,製鞋業,傳產其他_製鞋業.csv,C099020,5,https://www.moneydj.com/z/zh/zha/zh00.djhtm?a=C099020
傳產其他,鞋材,傳產其他_鞋材.csv,C099021,12,https://www.moneydj.com/z/zh/zha/zh00.djhtm?a=C099021
傳產其他,印刷業,傳產其他_印刷業.csv,C099093,7,https://www.moneydj.com/z/zh/zha/zh00.djhtm?a=C099093
傳產其他,烤肉架,傳產其他_烤肉架.csv,C099140,1,https://www.moneydj.com/z/zh/zha/zh00.djhtm?a=C099140
傳產其他,拉鍊,傳產其他_拉鍊.csv,C099190,1,https://www.moneydj.com/z/zh/zha/zh00.djhtm?a=C099190
傳產其他,手提箱,傳產其他_手提箱.csv,C099194,3,https://www.moneydj.com/z/zh/zha/zh00.djhtm?a=C099194
傳產其他,玩具,傳產其他_玩具.csv,C099200,3,https://www.moneydj.com/z/zh/zha/zh00.djhtm?a=C099200
傳產其他,底片,傳產其他_底片.csv,C099210,0,https://www.moneydj.com/z/zh/zha/zh00.djhtm?a=C099210
傳產其他,皮革製品,傳產其他_皮革製品.csv,C099230,0,https://www.moneydj.com/z/zh/zha/zh00.djhtm?a=C099230
傳產其他,嬰童用品,傳產其他_嬰童用品.csv,C099250,4,https://www.moneydj.com/z/zh/zha/zh00.djhtm?a=C099250
傳產其他,眼鏡業,傳產其他_眼鏡業.csv,C099260,2,https://www.moneydj.com/z/zh/zha/zh00.djhtm?a=C099260
傳產其他,製帽,傳產其他_製帽.csv,C099280,0,https://www.moneydj.com/z/zh/zha/zh00.djhtm?a=C099280
傳產其他,光學,傳產其他_光學.csv,C099290,2,https://www.moneydj.com/z/zh/zha/zh00.djhtm?a=C099290
傳產其他,文具,傳產其他_文具.csv,C099300,3,https://www.moneydj.com/z/zh/zha/zh00.djhtm?a=C099300
傳產其他,工藝品,傳產其他_工藝品.csv,C099310,1,https://www.moneydj.com/z/zh/zha/zh00.djhtm?a=C099310
傳產其他,金融機具,傳產其他_金融機具.csv,C099320,2,https://www.moneydj.com/z/zh/zha/zh00.djhtm?a=C099320
傳產其他,寵物用品,傳產其他_寵物用品.csv,C099331,2,https://www.moneydj.com/z/zh/zha/zh00.djhtm?a=C099331
傳產其他,樂器,傳產其他_樂器.csv,C099332,0,https://www.moneydj.com/z/zh/zha/zh00.djhtm?a=C099332
傳產其他,複合材料,傳產其他_複合材料.csv,C099333,5,https://www.moneydj.com/z/zh/zha/zh00.djhtm?a=C099333
傳產其他,回收焚化／掩埋清運,傳產其他_回收焚化／掩埋清運.csv,C099334,22,https://www.moneydj.com/z/zh/zha/zh00.djhtm?a=C099334
傳產其他,煙草,傳產其他_煙草.csv,C099335,0,https://www.moneydj.com/z/zh/zha/zh00.djhtm?a=C099335
傳產其他,木(竹)加工／製品,傳產其他_木(竹)加工／製品.csv,C099336,0,https://www.moneydj.com/z/zh/zha/zh00.djhtm?a=C099336
傳產其他,金屬加工／製品,傳產其他_金屬加工／製品.csv,C099337,14,https://www.moneydj.com/z/zh/zha/zh00.djhtm?a=C099337
傳產其他,工安產品,傳產其他_工安產品.csv,C099338,0,https://www.moneydj.com/z/zh/zha/zh00.djhtm?a=C099338
傳產其他,碳權相關,傳產其他_碳權相關.csv,C099395,1,https://www.moneydj.com/z/zh/zha/zh00.djhtm?a=C099395
傳產其他,碳纖維,傳產其他_碳纖維.csv,C099412,2,https://www.moneydj.com/z/zh/zha/zh00.djhtm?a=C099412
製罐業,製罐業,製罐業_製罐業.csv,C099030,5,https://www.moneydj.com/z/zh/zha/zh00.djhtm?a=C099030
製罐業,瓶蓋,製罐業_瓶蓋.csv,C099031,3,https://www.moneydj.com/z/zh/zha/zh00.djhtm?a=C099031
製罐業,馬口鐵罐,製罐業_馬口鐵罐.csv,C099032,3,https://www.moneydj.com/z/zh/zha/zh00.djhtm?a=C099032
製罐業,鋁罐,製罐業_鋁罐.csv,C099033,3,https://www.moneydj.com/z/zh/zha/zh00.djhtm?a=C099033
資產股,資產股,資產股_資產股.csv,C099060,43,https://www.moneydj.com/z/zh/zha/zh00.djhtm?a=C099060
運動產業,健身器材,運動產業_健身器材.csv,C017102,5,https://www.moneydj.com/z/zh/zha/zh00.djhtm?a=C017102
運動產業,運動競賽,運動產業_運動競賽.csv,C027023,0,https://www.moneydj.com/z/zh/zha/zh00.djhtm?a=C027023
運動產業,高爾夫球桿頭,運動產業_高爾夫球桿頭.csv,C099150,4,https://www.moneydj.com/z/zh/zha/zh00.djhtm?a=C099150
運動產業,運動產業,運動產業_運動產業.csv,C099380,17,https://www.moneydj.com/z/zh/zha/zh00.djhtm?a=C099380
運動產業,運動服,運動產業_運動服.csv,C099381,0,https://www.moneydj.com/z/zh/zha/zh00.djhtm?a=C099381
運動產業,運動鞋,運動產業_運動鞋.csv,C099382,2,https://www.moneydj.com/z/zh/zha/zh00.djhtm?a=C099382
運動產業,運動用品,運動產業_運動用品.csv,C099383,6,https://www.moneydj.com/z/zh/zha/zh00.djhtm?a=C099383
運動產業,球具,運動產業_球具.csv,C099384,3,https://www.moneydj.com/z/zh/zha/zh00.djhtm?a=C099384
運動產業,球場,運動產業_球場.csv,C099385,0,https://www.moneydj.com/z/zh/zha/zh00.djhtm?a=C099385
服務業,保全業,服務業_保全業.csv,C099040,4,https://www.moneydj.com/z/zh/zha/zh00.djhtm?a=C099040
服務業,服務業,服務業_服務業.csv,C099390,19,https://www.moneydj.com/z/zh/zha/zh00.djhtm?a=C099390
服務業,消費者服務,服務業_消費者服務.csv,C099391,2,https://www.moneydj.com/z/zh/zha/zh00.djhtm?a=C099391
服務業,商業服務／顧問,服務業_商業服務／顧問.csv,C099392,2,https://www.moneydj.com/z/zh/zha/zh00.djhtm?a=C099392
服務業,教育事業,服務業_教育事業.csv,C099393,5,https://www.moneydj.com/z/zh/zha/zh00.djhtm?a=C099393
服務業,人力資源,服務業_人力資源.csv,C099394,1,https://www.moneydj.com/z/zh/zha/zh00.djhtm?a=C099394
服務業,殯葬服務,服務業_殯葬服務.csv,C099396,2,https://www.moneydj.com/z/zh/zha/zh00.djhtm?a=C099396
服務業,婚宴顧問,服務業_婚宴顧問.csv,C099397,3,https://www.moneydj.com/z/zh/zha/zh00.djhtm?a=C099397
服務業,清潔服務,服務業_清潔服務.csv,C099398,1,https://www.moneydj.com/z/zh/zha/zh00.djhtm?a=C099398
